date,season,year,month,day_of_week,weekend,holiday,temp_actual,temp_feel,humidity,windspeed,weather_cat,riders_casual,riders_registered,riders_total
2011-01-01,winter,2011,Jan,Sat,TRUE,no,57.3995246,64.72625,0.805833,10.749882,categ2,331,654,985
2011-01-02,winter,2011,Jan,Sun,TRUE,no,58.8246764,63.836510000000004,0.696087,16.652113,categ2,131,670,801
2011-01-03,winter,2011,Jan,Mon,FALSE,no,46.491663200000005,49.04645,0.437273,16.636703,categ1,120,1229,1349
2011-01-04,winter,2011,Jan,Tue,FALSE,no,46.760000000000005,51.09098,0.590435,10.739832,categ1,108,1454,1562
2011-01-05,winter,2011,Jan,Wed,FALSE,no,48.7494266,52.634299999999996,0.436957,12.522300000000001,categ1,82,1518,1600
2011-01-06,winter,2011,Jan,Thu,FALSE,no,47.0808824,52.98881,0.518261,6.0008684,categ1,88,1518,1606
2011-01-07,winter,2011,Jan,Fri,FALSE,no,46.5033236,50.79551,0.498696,11.304642,categ2,148,1362,1510
2011-01-08,winter,2011,Jan,Sat,TRUE,no,44.177,46.60286,0.535833,17.875868,categ2,68,891,959
2011-01-09,winter,2011,Jan,Sun,TRUE,no,42.2089754,42.45575,0.434167,24.25065,categ1,54,768,822
2011-01-10,winter,2011,Jan,Mon,FALSE,no,43.1314754,45.57992,0.482917,14.958889,categ1,41,1280,1321
2011-01-11,winter,2011,Jan,Tue,FALSE,no,44.478915799999996,49.23176,0.686364,8.182844000000001,categ2,43,1220,1263
2011-01-12,winter,2011,Jan,Wed,FALSE,no,44.747252599999996,46.44257,0.599545,20.410009,categ1,25,1137,1162
2011-01-13,winter,2011,Jan,Thu,FALSE,no,44.177,45.57947,0.470417,20.166999999999998,categ1,38,1368,1406
2011-01-14,winter,2011,Jan,Fri,FALSE,no,43.872206,48.957170000000005,0.537826,8.478716,categ1,54,1367,1421
2011-01-15,winter,2011,Jan,Sat,TRUE,no,49.2199754,54.330079999999995,0.49875,10.583521,categ2,222,1026,1248
2011-01-16,winter,2011,Jan,Sun,TRUE,no,49.0970246,53.079530000000005,0.48375,12.625010999999999,categ1,251,953,1204
2011-01-17,winter,2011,Jan,Mon,FALSE,yes,44.9764754,47.90939,0.5375,12.999139,categ2,117,883,1000
2011-01-18,winter,2011,Jan,Tue,FALSE,no,47.9900246,52.90997,0.861667,9.833924999999999,categ2,9,674,683
2011-01-19,winter,2011,Jan,Wed,FALSE,no,53.5624412,58.85798,0.741739,13.957239,categ2,78,1572,1650
2011-01-20,winter,2011,Jan,Thu,FALSE,no,51.311024599999996,54.954499999999996,0.538333,13.125568,categ2,83,1844,1927
2011-01-21,winter,2011,Jan,Fri,FALSE,no,45.0995,46.20497,0.457083,23.667214,categ1,75,1468,1543
2011-01-22,winter,2011,Jan,Sat,TRUE,no,36.36382352,39.116264,0.4,11.52199,categ1,93,888,981
2011-01-23,winter,2011,Jan,Sun,TRUE,no,39.12330146,40.895519,0.436522,16.5222,categ1,150,836,986
2011-01-24,winter,2011,Jan,Mon,FALSE,no,39.18747794,42.6137,0.491739,10.60811,categ1,86,1330,1416
2011-01-25,winter,2011,Jan,Tue,FALSE,no,48.4926764,53.10734,0.616957,8.696332,categ2,186,1799,1985
2011-01-26,winter,2011,Jan,Wed,FALSE,no,48.051500000000004,50.324,0.8625,19.68795,categ3,34,472,506
2011-01-27,winter,2011,Jan,Thu,FALSE,no,46.391,51.772999999999996,0.6875,7.627078999999999,categ1,15,416,431
2011-01-28,winter,2011,Jan,Fri,FALSE,no,47.016676399999994,52.09853,0.793043,8.2611,categ2,38,1129,1167
2011-01-29,winter,2011,Jan,Sat,TRUE,no,46.5033236,51.09134,0.651739,9.739455,categ1,123,975,1098
2011-01-30,winter,2011,Jan,Sun,TRUE,no,47.9793236,54.528980000000004,0.722174,4.956834199999999,categ1,140,956,1096
2011-01-31,winter,2011,Jan,Mon,FALSE,no,45.3454754,48.7625,0.60375,12.541864,categ2,42,1459,1501
2011-02-01,winter,2011,Feb,Tue,FALSE,no,46.1824412,53.1077,0.829565,3.565271,categ2,47,1313,1360
2011-02-02,winter,2011,Feb,Wed,FALSE,no,51.188,54.89753,0.775417,17.708636,categ2,72,1454,1526
2011-02-03,winter,2011,Feb,Thu,FALSE,no,45.7974266,48.00902,0.437826,18.609384,categ1,61,1489,1550
2011-02-04,winter,2011,Feb,Fri,FALSE,no,47.5942352,52.57283,0.585217,8.565213,categ2,88,1620,1708
2011-02-05,winter,2011,Feb,Sat,TRUE,no,49.2199754,53.87522,0.929167,10.792293,categ2,100,905,1005
2011-02-06,winter,2011,Feb,Sun,TRUE,no,53.0944754,58.25039,0.568333,9.5006,categ1,354,1269,1623
2011-02-07,winter,2011,Feb,Mon,FALSE,no,52.049024599999996,59.32922,0.738333,3.0423561,categ1,120,1592,1712
2011-02-08,winter,2011,Feb,Tue,FALSE,no,48.297475399999996,49.84214,0.537917,24.25065,categ1,64,1466,1530
2011-02-09,winter,2011,Feb,Wed,FALSE,no,41.9469854,44.98547,0.494783,12.652213,categ2,53,1552,1605
2011-02-10,winter,2011,Feb,Thu,FALSE,no,42.6528824,45.45932,0.437391,14.869645,categ1,47,1491,1538
2011-02-11,winter,2011,Feb,Fri,FALSE,no,45.9549158,51.215810000000005,0.506364,7.272849999999999,categ1,149,1597,1746
2011-02-12,winter,2011,Feb,Sat,TRUE,no,48.420500000000004,52.965860000000006,0.544167,13.625589,categ1,288,1184,1472
2011-02-13,winter,2011,Feb,Sun,TRUE,no,55.3593236,61.17017,0.457391,17.479160999999998,categ1,397,1192,1589
2011-02-14,winter,2011,Feb,Mon,FALSE,no,62.627,67.8515,0.375833,27.999836,categ1,208,1705,1913
2011-02-15,winter,2011,Feb,Tue,FALSE,no,51.637220600000006,54.88466,0.314348,19.522058,categ1,140,1675,1815
2011-02-16,winter,2011,Feb,Wed,FALSE,no,55.4876618,60.458,0.423478,16.869996999999998,categ1,218,1897,2115
2011-02-17,winter,2011,Feb,Thu,FALSE,no,64.1644754,70.57921999999999,0.505,15.416968,categ1,259,2216,2475
2011-02-18,winter,2011,Feb,Fri,FALSE,no,70.4990246,78.07847,0.516667,17.749975000000003,categ1,579,2348,2927
2011-02-19,winter,2011,Feb,Sat,TRUE,no,61.4585246,67.22636,0.187917,34.000021,categ1,532,1103,1635
2011-02-20,winter,2011,Feb,Sun,TRUE,no,53.0490146,56.9597,0.407826,14.956745,categ1,639,1173,1812
2011-02-21,winter,2011,Feb,Mon,FALSE,yes,54.38597540000001,57.56675,0.605,20.625682,categ2,195,912,1107
2011-02-22,winter,2011,Feb,Tue,FALSE,no,45.4479836,48.74297,0.577778,13.110761,categ1,74,1376,1450
2011-02-23,winter,2011,Feb,Wed,FALSE,no,48.3643382,54.11453,0.423043,6.3055710000000005,categ1,139,1778,1917
2011-02-24,winter,2011,Feb,Thu,FALSE,no,53.8191176,58.02719,0.697391,16.783231999999998,categ2,100,1707,1807
2011-02-25,winter,2011,Feb,Fri,FALSE,no,58.8888824,63.54149,0.712174,23.218113,categ2,120,1341,1461
2011-02-26,winter,2011,Feb,Sat,TRUE,no,52.8485,57.39728,0.537917,12.500257,categ1,424,1545,1969
2011-02-27,winter,2011,Feb,Sun,TRUE,no,57.3486764,63.599810000000005,0.68,8.391615999999999,categ1,694,1708,2402
2011-02-28,winter,2011,Feb,Mon,FALSE,no,62.0567474,68.01061999999999,0.876364,19.408962,categ2,81,1365,1446
2011-03-01,winter,2011,Mar,Tue,FALSE,no,51.680024599999996,55.74911,0.535,14.500475,categ1,137,1714,1851
2011-03-02,winter,2011,Mar,Wed,FALSE,no,56.723,60.80639,0.449583,20.624811,categ1,231,1903,2134
2011-03-03,winter,2011,Mar,Thu,FALSE,no,46.6369754,50.011970000000005,0.318333,15.125518000000001,categ1,123,1562,1685
2011-03-04,winter,2011,Mar,Fri,FALSE,no,51.311024599999996,55.01111,0.610417,13.624182,categ2,214,1730,1944
2011-03-05,winter,2011,Mar,Sat,TRUE,no,60.3515246,66.09011,0.789167,16.875357,categ2,640,1437,2077
2011-03-06,winter,2011,Mar,Sun,TRUE,no,59.7873236,64.96268,0.948261,23.000229,categ2,114,491,605
2011-03-07,winter,2011,Mar,Mon,FALSE,no,51.316338200000004,53.46149,0.551304,22.870584,categ1,244,1628,1872
2011-03-08,winter,2011,Mar,Tue,FALSE,no,53.5865,59.216,0.420833,8.083549999999999,categ1,316,1817,2133
2011-03-09,winter,2011,Mar,Wed,FALSE,no,53.8324754,57.79472,0.775417,14.750050000000002,categ2,191,1700,1891
2011-03-10,winter,2011,Mar,Thu,FALSE,no,60.7149158,66.71012,0,17.545759,categ3,46,577,623
2011-03-11,winter,2011,Mar,Fri,FALSE,no,55.3593236,59.45,0.649565,15.60899,categ2,247,1730,1977
2011-03-12,winter,2011,Mar,Sat,TRUE,no,56.2925246,61.317499999999995,0.594583,14.791924999999999,categ1,724,1408,2132
2011-03-13,winter,2011,Mar,Sun,TRUE,no,60.3648824,66.20819,0.527391,18.130468,categ1,982,1435,2417
2011-03-14,winter,2011,Mar,Mon,FALSE,no,56.0010146,61.88,0.496957,9.174042,categ1,359,1687,2046
2011-03-15,winter,2011,Mar,Tue,FALSE,no,55.4234558,60.63602,0.655652,12.348703,categ2,289,1767,2056
2011-03-16,winter,2011,Mar,Wed,FALSE,no,58.9530146,65.02369999999999,0.776522,13.608839,categ2,321,1871,2192
2011-03-17,winter,2011,Mar,Thu,FALSE,no,62.627,68.92997,0.602917,14.041792999999998,categ1,424,2320,2744
2011-03-18,winter,2011,Mar,Fri,FALSE,no,71.852,79.43081000000001,0.525217,15.478139,categ1,884,2355,3239
2011-03-19,winter,2011,Mar,Sat,TRUE,no,66.87049999999999,73.98725,0.379167,24.667189,categ1,1424,1693,3117
2011-03-20,winter,2011,Mar,Sun,TRUE,no,56.5385,61.317499999999995,0.47375,13.917307,categ1,1047,1424,2471
2011-03-21,spring,2011,Mar,Mon,FALSE,no,63.766103,68.87615,0.737391,19.348461,categ2,401,1676,2077
2011-03-22,spring,2011,Mar,Tue,FALSE,no,64.59502459999999,71.65778,0.624583,15.125250000000001,categ1,460,2243,2703
2011-03-23,spring,2011,Mar,Wed,FALSE,no,57.6054266,62.41451,0.839565,15.695487,categ2,203,1918,2121
2011-03-24,spring,2011,Mar,Thu,FALSE,no,53.033,56.37497,0.805833,16.333729,categ2,166,1699,1865
2011-03-25,spring,2011,Mar,Fri,FALSE,no,51.495524599999996,55.06808,0.495,15.458575000000002,categ1,300,1910,2210
2011-03-26,spring,2011,Mar,Sat,TRUE,no,51.6184754,55.18139,0.394167,14.041257,categ1,981,1515,2496
2011-03-27,spring,2011,Mar,Sun,TRUE,no,50.6745734,54.53051,0.493913,12.348099999999999,categ2,472,1221,1693
2011-03-28,spring,2011,Mar,Mon,FALSE,no,51.508882400000005,55.18166000000001,0.302174,14.217668,categ1,222,1806,2028
2011-03-29,spring,2011,Mar,Tue,FALSE,no,54.3245,58.361720000000005,0.314167,15.208732,categ1,317,2108,2425
2011-03-30,spring,2011,Mar,Wed,FALSE,no,54.14,58.7615,0.646667,11.583495999999998,categ2,168,1368,1536
2011-03-31,spring,2011,Mar,Thu,FALSE,no,51.802975399999994,55.18175,0.918333,14.582282000000001,categ3,179,1506,1685
2011-04-01,spring,2011,Apr,Fri,FALSE,no,54.14,57.510859999999994,0.68625,17.333436,categ2,307,1920,2227
2011-04-02,spring,2011,Apr,Sat,TRUE,no,55.247,60.40733,0.65375,13.208782,categ2,898,1354,2252
2011-04-03,spring,2011,Apr,Sun,TRUE,no,59.9209754,66.08903000000001,0.48,12.208271000000002,categ1,1651,1598,3249
2011-04-04,spring,2011,Apr,Mon,FALSE,no,74.3119754,80.86361,0.42625,25.833257,categ1,734,2381,3115
2011-04-05,spring,2011,Apr,Tue,FALSE,no,62.5655246,67.8515,0.642083,26.000488999999998,categ2,167,1628,1795
2011-04-06,spring,2011,Apr,Wed,FALSE,no,60.8434754,66.88472,0.470833,17.625221,categ1,413,2395,2808
2011-04-07,spring,2011,Apr,Thu,FALSE,no,64.2875,71.03264000000001,0.602917,10.874904,categ1,571,2570,3141
2011-04-08,spring,2011,Apr,Fri,FALSE,no,56.7844754,61.20311000000001,0.83625,15.208464,categ2,172,1299,1471
2011-04-09,spring,2011,Apr,Sat,TRUE,no,57.2765,62.737610000000004,0.8775,8.916561,categ2,879,1576,2455
2011-04-10,spring,2011,Apr,Sun,TRUE,no,63.4880246,70.40633,0.8575,9.833389,categ2,1188,1707,2895
2011-04-11,spring,2011,Apr,Mon,FALSE,no,75.9591176,82.86953,0.716956,21.739758,categ2,855,2493,3348
2011-04-12,spring,2011,Apr,Tue,FALSE,no,69.08449999999999,76.37486,0.739167,18.416892999999998,categ2,257,1777,2034
2011-04-13,spring,2011,Apr,Wed,FALSE,no,62.442499999999995,69.55547000000001,0.819167,16.791338999999997,categ2,209,1953,2162
2011-04-14,spring,2011,Apr,Thu,FALSE,no,66.5015,73.64678,0.540417,7.4169,categ1,529,2738,3267
2011-04-15,spring,2011,Apr,Fri,FALSE,yes,64.9640246,71.77217,0.67125,15.167124999999999,categ1,642,2484,3126
2011-04-16,spring,2011,Apr,Sat,TRUE,no,63.7954754,70.29428,0.888333,22.834136,categ3,121,674,795
2011-04-17,spring,2011,Apr,Sun,TRUE,no,65.7020246,72.11264,0.479583,20.334232,categ1,1558,2186,3744
2011-04-18,spring,2011,Apr,Mon,FALSE,no,69.82249999999999,77.28314,0.5425,10.958988999999999,categ1,669,2760,3429
2011-04-19,spring,2011,Apr,Tue,FALSE,no,69.3304754,76.03322,0.665833,10.584057,categ2,409,2795,3204
2011-04-20,spring,2011,Apr,Wed,FALSE,no,75.911,82.79527999999999,0.614167,16.208975,categ1,613,3331,3944
2011-04-21,spring,2011,Apr,Thu,FALSE,no,65.8865246,72.85028,0.407083,21.792286,categ1,745,3444,4189
2011-04-22,spring,2011,Apr,Fri,FALSE,no,56.8460246,60.97586,0.729583,14.707906999999999,categ2,177,1506,1683
2011-04-23,spring,2011,Apr,Sat,TRUE,no,65.94800000000001,72.51088999999999,0.887917,15.458575000000002,categ2,1462,2574,4036
2011-04-24,spring,2011,Apr,Sun,TRUE,no,74.92702460000001,81.65867,0.810833,12.875725000000001,categ2,1710,2481,4191
2011-04-25,spring,2011,Apr,Mon,FALSE,no,76.77202460000001,83.70500000000001,0.776667,12.417311,categ1,773,3300,4073
2011-04-26,spring,2011,Apr,Tue,FALSE,no,78.6170246,85.46747,0.729167,21.875500000000002,categ1,678,3722,4400
2011-04-27,spring,2011,Apr,Wed,FALSE,no,77.756,83.76278,0.835417,20.917399999999997,categ2,547,3325,3872
2011-04-28,spring,2011,Apr,Thu,FALSE,no,77.57150000000001,84.10361,0.700833,21.500836000000003,categ2,569,3489,4058
2011-04-29,spring,2011,Apr,Fri,FALSE,no,69.638,76.77167,0.457083,16.084221,categ1,878,3717,4595
2011-04-30,spring,2011,Apr,Sat,TRUE,no,66.87049999999999,73.76189000000001,0.503333,15.750025,categ1,1965,3347,5312
2011-05-01,spring,2011,May,Sun,TRUE,no,65.3330246,72.33836,0.762083,7.125718,categ2,1138,2213,3351
2011-05-02,spring,2011,May,Mon,FALSE,no,72.5285246,79.95497,0.73,12.291418,categ2,847,3554,4401
2011-05-03,spring,2011,May,Tue,FALSE,no,77.51002460000001,84.38711,0.697083,22.958689,categ2,603,3848,4451
2011-05-04,spring,2011,May,Wed,FALSE,no,62.5655246,68.4185,0.737083,22.042732,categ2,255,2378,2633
2011-05-05,spring,2011,May,Thu,FALSE,no,65.8865246,71.77252999999999,0.444167,19.791263999999998,categ1,614,3819,4433
2011-05-06,spring,2011,May,Fri,FALSE,no,67.3625246,74.67053000000001,0.59,15.292482,categ1,894,3714,4608
2011-05-07,spring,2011,May,Sat,TRUE,no,70.376,78.13588999999999,0.54125,10.750150000000001,categ1,1612,3102,4714
2011-05-08,spring,2011,May,Sun,TRUE,no,70.9909754,78.70397,0.631667,5.0007125,categ1,1401,2932,4333
2011-05-09,spring,2011,May,Mon,FALSE,no,71.29849999999999,79.27214000000001,0.58875,11.792,categ1,664,3698,4362
2011-05-10,spring,2011,May,Tue,FALSE,no,71.29849999999999,79.04489000000001,0.489167,7.749956999999999,categ1,694,4109,4803
2011-05-11,spring,2011,May,Wed,FALSE,no,72.0365,79.556,0.632917,8.083014,categ1,550,3632,4182
2011-05-12,spring,2011,May,Thu,FALSE,no,71.483,79.10267,0.7475,12.707689,categ1,695,4169,4864
2011-05-13,spring,2011,May,Fri,FALSE,no,69.82249999999999,76.487,0.863333,12.041575,categ2,692,3413,4105
2011-05-14,spring,2011,May,Sat,TRUE,no,70.43747540000001,77.05661,0.9225,9.041649999999999,categ2,902,2507,3409
2011-05-15,spring,2011,May,Sun,TRUE,no,73.5125,80.24000000000001,0.867083,10.249593,categ2,1582,2971,4553
2011-05-16,spring,2011,May,Mon,FALSE,no,74.6195,81.54608,0.787917,8.500357000000001,categ1,773,3185,3958
2011-05-17,spring,2011,May,Tue,FALSE,no,73.45102460000001,80.46761000000001,0.837917,18.582718,categ2,678,3445,4123
2011-05-18,spring,2011,May,Wed,FALSE,no,72.59,79.44422,0.87,13.499964,categ2,536,3319,3855
2011-05-19,spring,2011,May,Thu,FALSE,no,71.17547540000001,77.96678,0.829583,7.250271000000001,categ2,735,3840,4575
2011-05-20,spring,2011,May,Fri,FALSE,no,71.60602460000001,79.61378,0.719583,8.375871,categ1,909,4008,4917
2011-05-21,spring,2011,May,Sat,TRUE,no,76.4645,83.47775,0.626667,8.083549999999999,categ1,2258,3547,5805
2011-05-22,spring,2011,May,Sun,TRUE,no,76.5875246,83.70500000000001,0.749583,9.916536,categ1,1576,3084,4660
2011-05-23,spring,2011,May,Mon,FALSE,no,78.6170246,85.12664000000001,0.81,15.667413999999999,categ2,836,3438,4274
2011-05-24,spring,2011,May,Tue,FALSE,no,80.708,86.43317,0.740833,13.875164,categ2,659,3833,4492
2011-05-25,spring,2011,May,Wed,FALSE,no,80.7694754,87.39878,0.69625,10.333611000000001,categ1,740,4238,4978
2011-05-26,spring,2011,May,Thu,FALSE,no,84.2749754,90.92192,0.6775,13.376014,categ1,758,3919,4677
2011-05-27,spring,2011,May,Fri,FALSE,no,82.3070246,89.33072,0.65375,16.125493,categ1,871,3808,4679
2011-05-28,spring,2011,May,Sat,TRUE,no,80.4004754,87.11411000000001,0.729583,15.416164,categ1,2001,2757,4758
2011-05-29,spring,2011,May,Sun,TRUE,no,81.2615,87.39950000000002,0.81875,14.333846,categ1,2355,2433,4788
2011-05-30,spring,2011,May,Mon,FALSE,yes,86.11997540000002,92.39828,0.685,8.792075,categ1,1549,2549,4098
2011-05-31,spring,2011,May,Tue,FALSE,no,89.19500000000001,97.28447000000001,0.636667,7.459042999999999,categ1,673,3309,3982
2011-06-01,spring,2011,Jun,Wed,FALSE,no,88.3955246,96.88703,0.677083,13.875164,categ2,513,3461,3974
2011-06-02,spring,2011,Jun,Thu,FALSE,no,84.767,89.95478,0.305,19.583229000000003,categ1,736,4232,4968
2011-06-03,spring,2011,Jun,Fri,FALSE,no,77.756,84.84197,0.354167,16.959107,categ1,898,4414,5312
2011-06-04,spring,2011,Jun,Sat,TRUE,no,78.863,85.52264,0.45625,8.250514,categ1,1869,3473,5342
2011-06-05,spring,2011,Jun,Sun,TRUE,no,79.8469754,87.51236,0.6525,9.292364000000001,categ2,1685,3221,4906
2011-06-06,spring,2011,Jun,Mon,FALSE,no,82.0609754,87.96722,0.6,8.167032,categ1,673,3875,4548
2011-06-07,spring,2011,Jun,Tue,FALSE,no,84.21350000000001,91.0355,0.597917,12.583136,categ1,763,4070,4833
2011-06-08,spring,2011,Jun,Wed,FALSE,no,89.2564754,97.45511,0.622083,9.166739,categ1,676,3725,4401
2011-06-09,spring,2011,Jun,Thu,FALSE,no,91.6549754,100.18211000000001,0.568333,10.042161,categ2,563,3352,3915
2011-06-10,spring,2011,Jun,Fri,FALSE,no,87.719,95.29628,0.605,9.417118,categ1,815,3771,4586
2011-06-11,spring,2011,Jun,Sat,TRUE,no,85.505,93.02342000000002,0.654583,10.374949999999998,categ1,1729,3237,4966
2011-06-12,spring,2011,Jun,Sun,TRUE,no,83.10650000000001,89.89925000000001,0.747917,10.958988999999999,categ1,1467,2993,4460
2011-06-13,spring,2011,Jun,Mon,FALSE,no,78.863,86.14886000000001,0.494583,20.45845,categ1,863,4157,5020
2011-06-14,spring,2011,Jun,Tue,FALSE,no,76.5875246,85.23914,0.507083,18.041961,categ1,727,4164,4891
2011-06-15,spring,2011,Jun,Wed,FALSE,no,78.24802460000001,84.89786000000001,0.471667,11.250104,categ1,769,4411,5180
2011-06-16,spring,2011,Jun,Thu,FALSE,no,78.3709754,85.58114,0.688333,13.833556999999999,categ2,545,3222,3767
2011-06-17,spring,2011,Jun,Fri,FALSE,no,79.9085246,86.03447,0.735833,9.582942999999998,categ1,863,3981,4844
2011-06-18,spring,2011,Jun,Sat,TRUE,no,83.4140246,89.95586,0.670417,8.000336,categ1,1807,3312,5119
2011-06-19,spring,2011,Jun,Sun,TRUE,no,83.59852459999999,90.12614,0.666667,6.834,categ2,1639,3105,4744
2011-06-20,spring,2011,Jun,Mon,FALSE,no,78.863,85.58114,0.74625,10.416825,categ2,699,3311,4010
2011-06-21,summer,2011,Jun,Tue,FALSE,no,82.2454754,89.38813999999999,0.770417,11.458675000000001,categ2,774,4061,4835
2011-06-22,summer,2011,Jun,Wed,FALSE,no,86.11997540000002,94.44461000000001,0.7075,11.541554,categ1,661,3846,4507
2011-06-23,summer,2011,Jun,Thu,FALSE,no,85.7509754,94.44497000000001,0.703333,15.999868,categ2,746,4044,4790
2011-06-24,summer,2011,Jun,Fri,FALSE,no,85.4435246,91.09246999999999,0.573333,14.875675,categ1,969,4022,4991
2011-06-25,summer,2011,Jun,Sat,TRUE,no,83.291,89.89817,0.483333,14.041257,categ1,1782,3420,5202
2011-06-26,summer,2011,Jun,Sun,TRUE,no,82.184,89.38661,0.513333,6.3337311,categ1,1920,3385,5305
2011-06-27,summer,2011,Jun,Mon,FALSE,no,82.3685,89.33036000000001,0.658333,7.2083960000000005,categ2,854,3854,4708
2011-06-28,summer,2011,Jun,Tue,FALSE,no,86.9195246,94.33022,0.634167,9.666960999999999,categ1,732,3916,4648
2011-06-29,summer,2011,Jun,Wed,FALSE,no,85.7509754,90.92192,0.497917,17.542007,categ1,848,4377,5225
2011-06-30,summer,2011,Jun,Thu,FALSE,no,83.4140246,89.33072,0.434167,12.415904000000001,categ1,1027,4488,5515
2011-07-01,summer,2011,Jul,Fri,FALSE,no,85.32050000000001,90.69458,0.39625,6.874736,categ1,1246,4116,5362
2011-07-02,summer,2011,Jul,Sat,TRUE,no,86.4889754,92.05772,0.444583,7.709154,categ1,2204,2915,5119
2011-07-03,summer,2011,Jul,Sun,TRUE,no,84.8900246,92.17175,0.6825,15.333486,categ2,2282,2367,4649
2011-07-04,summer,2011,Jul,Mon,FALSE,yes,85.6280246,91.88753,0.637917,5.4591064000000005,categ2,3065,2978,6043
2011-07-05,summer,2011,Jul,Tue,FALSE,no,87.1040246,94.67042000000001,0.590417,8.459286,categ1,1031,3634,4665
2011-07-06,summer,2011,Jul,Wed,FALSE,no,85.136,93.70697,0.743333,10.042161,categ1,784,3845,4629
2011-07-07,summer,2011,Jul,Thu,FALSE,no,87.35,93.81839,0.65125,10.666400000000001,categ1,754,3838,4592
2011-07-08,summer,2011,Jul,Fri,FALSE,no,84.33652459999999,92.34347000000001,0.757917,15.083643,categ2,692,3348,4040
2011-07-09,summer,2011,Jul,Sat,TRUE,no,86.11997540000002,91.77422000000001,0.609167,11.250104,categ1,1988,3348,5336
2011-07-10,summer,2011,Jul,Sun,TRUE,no,87.16550000000001,94.10225,0.578333,12.292557,categ1,1743,3138,4881
2011-07-11,summer,2011,Jul,Mon,FALSE,no,88.27250000000001,97.68236,0.635833,18.916579,categ1,723,3363,4086
2011-07-12,summer,2011,Jul,Tue,FALSE,no,90.60952459999999,98.53475,0.559167,13.417017999999999,categ1,662,3596,4258
2011-07-13,summer,2011,Jul,Wed,FALSE,no,87.1040246,94.04635999999999,0.631667,9.790911000000001,categ1,748,3594,4342
2011-07-14,summer,2011,Jul,Thu,FALSE,no,82.2454754,89.15935999999999,0.47625,16.124689,categ1,888,4196,5084
2011-07-15,summer,2011,Jul,Fri,FALSE,no,80.95397539999999,88.19339,0.59125,12.249811,categ1,1318,4220,5538
2011-07-16,summer,2011,Jul,Sat,TRUE,no,82.6760246,89.44367,0.585,13.958914,categ1,2418,3505,5923
2011-07-17,summer,2011,Jul,Sun,TRUE,no,85.0745246,92.28497,0.604167,16.417211000000002,categ1,2006,3296,5302
2011-07-18,summer,2011,Jul,Mon,FALSE,no,87.1040246,95.35325,0.65125,14.458867999999999,categ1,841,3617,4458
2011-07-19,summer,2011,Jul,Tue,FALSE,no,89.3180246,99.27311,0.650417,8.7502,categ1,752,3789,4541
2011-07-20,summer,2011,Jul,Wed,FALSE,no,88.7029754,99.21650000000001,0.707083,7.625739,categ1,644,3688,4332
2011-07-21,summer,2011,Jul,Thu,FALSE,no,92.14699999999999,106.37339,0.69125,14.875407,categ2,632,3152,3784
2011-07-22,summer,2011,Jul,Fri,FALSE,no,94.6069754,107.68064000000001,0.580417,8.9177,categ1,562,2825,3387
2011-07-23,summer,2011,Jul,Sat,TRUE,no,94.6685246,104.38583,0.5,8.791807,categ1,987,2298,3285
2011-07-24,summer,2011,Jul,Sun,TRUE,no,93.254,103.53461,0.550833,11.334456999999999,categ1,1050,2556,3606
2011-07-25,summer,2011,Jul,Mon,FALSE,no,86.85797540000002,96.88622,0.757083,6.0841560999999995,categ1,568,3272,3840
2011-07-26,summer,2011,Jul,Tue,FALSE,no,88.9490246,94.72811000000002,0.540833,13.417285999999999,categ1,750,3840,4590
2011-07-27,summer,2011,Jul,Wed,FALSE,no,89.19500000000001,94.16003,0.402917,12.292020999999998,categ1,755,3901,4656
2011-07-28,summer,2011,Jul,Thu,FALSE,no,89.5025246,98.591,0.583333,11.958093,categ1,606,3784,4390
2011-07-29,summer,2011,Jul,Fri,FALSE,no,93.86897540000001,102.73703,0.5425,11.667245999999999,categ1,670,3176,3846
2011-07-30,summer,2011,Jul,Sat,TRUE,no,91.3475246,97.56833,0.465833,11.291979,categ1,1559,2916,4475
2011-07-31,summer,2011,Jul,Sun,TRUE,no,91.4704754,97.68164,0.480833,11.042470999999999,categ1,1524,2778,4302
2011-08-01,summer,2011,Aug,Mon,FALSE,no,88.9490246,95.29628,0.550833,10.500039,categ1,729,3537,4266
2011-08-02,summer,2011,Aug,Tue,FALSE,no,89.8099754,95.63639,0.49125,13.79195,categ1,801,4044,4845
2011-08-03,summer,2011,Aug,Wed,FALSE,no,85.9970246,93.19433000000001,0.6575,9.084061,categ2,467,3107,3574
2011-08-04,summer,2011,Aug,Thu,FALSE,no,84.398,91.83092,0.7575,13.20905,categ2,799,3777,4576
2011-08-05,summer,2011,Aug,Fri,FALSE,no,84.4594754,91.09103,0.630833,12.374632,categ1,1023,3843,4866
2011-08-06,summer,2011,Aug,Sat,TRUE,no,84.8900246,92.85386000000001,0.755,15.29275,categ2,1521,2773,4294
2011-08-07,summer,2011,Aug,Sun,TRUE,no,86.79650000000001,96.37628000000001,0.752917,13.499629,categ1,1298,2487,3785
2011-08-08,summer,2011,Aug,Mon,FALSE,no,88.45700000000001,95.29547,0.592083,12.875725000000001,categ1,846,3480,4326
2011-08-09,summer,2011,Aug,Tue,FALSE,no,89.19500000000001,97.17089,0.570417,10.125107,categ1,907,3695,4602
2011-08-10,summer,2011,Aug,Wed,FALSE,no,88.5800246,93.64847,0.424167,13.417285999999999,categ1,884,3896,4780
2011-08-11,summer,2011,Aug,Thu,FALSE,no,84.95150000000001,90.63689000000001,0.42375,11.041332,categ1,812,3980,4792
2011-08-12,summer,2011,Aug,Fri,FALSE,no,84.2749754,90.86378,0.415,8.416607,categ1,1051,3854,4905
2011-08-13,summer,2011,Aug,Sat,TRUE,no,82.6144754,90.12722000000001,0.729583,14.167418,categ2,1504,2646,4150
2011-08-14,summer,2011,Aug,Sun,TRUE,no,81.9380246,88.19492000000001,0.8175,14.916411,categ2,1338,2482,3820
2011-08-15,summer,2011,Aug,Mon,FALSE,no,81.1384754,87.45503,0.712083,13.999918,categ1,775,3563,4338
2011-08-16,summer,2011,Aug,Tue,FALSE,no,83.7214754,90.12532999999999,0.578333,15.834043000000001,categ1,721,4004,4725
2011-08-17,summer,2011,Aug,Wed,FALSE,no,85.3819754,92.00039000000001,0.575417,9.625689,categ1,668,4026,4694
2011-08-18,summer,2011,Aug,Thu,FALSE,no,84.5210246,91.60322000000001,0.654583,15.624936,categ1,639,3166,3805
2011-08-19,summer,2011,Aug,Fri,FALSE,no,82.553,88.98989,0.722917,9.333635999999998,categ2,797,3356,4153
2011-08-20,summer,2011,Aug,Sat,TRUE,no,83.47550000000001,90.40964000000001,0.674167,6.999289,categ1,1914,3277,5191
2011-08-21,summer,2011,Aug,Sun,TRUE,no,84.4594754,92.79725000000002,0.77,16.666518,categ1,1249,2624,3873
2011-08-22,summer,2011,Aug,Mon,FALSE,no,83.0450246,89.44286,0.47,18.54225,categ1,833,3925,4758
2011-08-23,summer,2011,Aug,Tue,FALSE,no,79.2934754,86.54603,0.455417,9.833121,categ1,1281,4614,5895
2011-08-24,summer,2011,Aug,Wed,FALSE,no,81.69197539999999,88.76228,0.605,16.958236,categ1,949,4181,5130
2011-08-25,summer,2011,Aug,Thu,FALSE,no,82.49152459999999,90.12686000000001,0.771667,14.125810999999999,categ2,435,3107,3542
2011-08-26,summer,2011,Aug,Fri,FALSE,no,83.66,91.37597,0.76125,5.625487499999999,categ1,768,3893,4661
2011-08-27,summer,2011,Aug,Sat,TRUE,no,82.184,89.20004,0.85,25.166338999999997,categ2,226,889,1115
2011-08-28,summer,2011,Aug,Sun,TRUE,no,84.1809542,90.31630999999999,0.561765,20.412153,categ1,1415,2919,4334
2011-08-29,summer,2011,Aug,Mon,FALSE,no,78.98602460000001,86.71621999999999,0.554583,10.708275,categ1,729,3905,4634
2011-08-30,summer,2011,Aug,Tue,FALSE,no,79.17052460000001,85.52336,0.548333,8.375536,categ1,775,4429,5204
2011-08-31,summer,2011,Aug,Wed,FALSE,no,80.4620246,87.00089,0.597917,5.5833311,categ1,688,4370,5058
2011-09-01,summer,2011,Sep,Thu,FALSE,no,80.339,87.34289000000001,0.639167,9.500332,categ1,783,4332,5115
2011-09-02,summer,2011,Sep,Fri,FALSE,no,79.4779754,86.43272,0.727083,9.375243,categ2,875,3852,4727
2011-09-03,summer,2011,Sep,Sat,TRUE,no,81.38452459999999,88.98917,0.716667,12.416775,categ1,1935,2549,4484
2011-09-04,summer,2011,Sep,Sun,TRUE,no,84.33652459999999,91.88861,0.742083,13.833289,categ1,2521,2419,4940
2011-09-05,summer,2011,Sep,Mon,FALSE,yes,81.69197539999999,88.30814000000001,0.790417,14.250632,categ2,1236,2115,3351
2011-09-06,summer,2011,Sep,Tue,FALSE,no,71.852,78.368,0.886957,23.044181,categ3,204,2506,2710
2011-09-07,summer,2011,Sep,Wed,FALSE,no,76.2185246,80.98061,0.917083,6.500393600000001,categ3,118,1878,1996
2011-09-08,summer,2011,Sep,Thu,FALSE,no,78.78277940000001,81.98249,0.939565,12.914116,categ3,153,1689,1842
2011-09-09,summer,2011,Sep,Fri,FALSE,no,79.97,84.10514,0.897917,8.333393000000001,categ2,417,3127,3544
2011-09-10,summer,2011,Sep,Sat,TRUE,no,80.708,86.71658,0.75375,10.291736,categ1,1750,3595,5345
2011-09-11,summer,2011,Sep,Sun,TRUE,no,80.2159754,86.83061000000001,0.71375,7.708618,categ1,1633,3413,5046
2011-09-12,summer,2011,Sep,Mon,FALSE,no,79.5528824,86.19170000000001,0.692174,5.957171000000001,categ1,690,4023,4713
2011-09-13,summer,2011,Sep,Tue,FALSE,no,80.0314754,86.31986,0.7125,9.500868,categ1,701,4062,4763
2011-09-14,summer,2011,Sep,Wed,FALSE,no,81.69197539999999,88.42099999999999,0.697083,11.2091,categ1,647,4138,4785
2011-09-15,summer,2011,Sep,Thu,FALSE,no,74.6195,81.83039,0.709167,18.166782,categ2,428,3231,3659
2011-09-16,summer,2011,Sep,Fri,FALSE,no,66.6245246,73.53275,0.590417,11.000261,categ2,742,4018,4760
2011-09-17,summer,2011,Sep,Sat,TRUE,no,68.2850246,75.06608,0.718333,12.708225,categ2,1434,3077,4511
2011-09-18,summer,2011,Sep,Sun,TRUE,no,69.45349999999999,76.14833,0.695,11.958361,categ1,1353,2921,4274
2011-09-19,summer,2011,Sep,Mon,FALSE,no,72.5285246,79.67075,0.69,10.166713999999999,categ2,691,3848,4539
2011-09-20,summer,2011,Sep,Tue,FALSE,no,73.45102460000001,79.89953,0.88125,9.041917999999999,categ2,438,3203,3641
2011-09-21,summer,2011,Sep,Wed,FALSE,no,75.911,81.54797,0.9,6.4590814,categ2,539,3813,4352
2011-09-22,summer,2011,Sep,Thu,FALSE,no,78.3709754,81.94667,0.902083,8.584375,categ2,555,4240,4795
2011-09-23,fall,2011,Sep,Fri,FALSE,no,76.9565246,78.99125,0.9725,5.2505689,categ2,258,2137,2395
2011-09-24,fall,2011,Sep,Sat,TRUE,no,76.77202460000001,82.79708,0.8625,5.2516811,categ2,1776,3647,5423
2011-09-25,fall,2011,Sep,Sun,TRUE,no,78.8015246,83.53733,0.845,3.3754064,categ2,1544,3466,5010
2011-09-26,fall,2011,Sep,Mon,FALSE,no,79.9085246,85.01378,0.848333,7.4169,categ2,684,3946,4630
2011-09-27,fall,2011,Sep,Tue,FALSE,no,78.98602460000001,83.70724999999999,0.885417,7.917457,categ2,477,3643,4120
2011-09-28,fall,2011,Sep,Wed,FALSE,no,78.863,83.76422,0.84875,9.958143000000002,categ2,480,3427,3907
2011-09-29,fall,2011,Sep,Thu,FALSE,no,77.51002460000001,83.70608,0.699167,11.583161,categ1,653,4186,4839
2011-09-30,fall,2011,Sep,Fri,FALSE,no,73.6355246,81.03461,0.6475,13.833825,categ1,830,4372,5202
2011-10-01,fall,2011,Oct,Sat,TRUE,no,62.257999999999996,69.15767,0.75375,19.583832,categ2,480,1949,2429
2011-10-02,fall,2011,Oct,Sun,TRUE,no,58.322024600000006,63.07853,0.791667,14.874870999999999,categ2,616,2302,2918
2011-10-03,fall,2011,Oct,Mon,FALSE,no,60.3515246,67.28414000000001,0.760833,5.5841686,categ2,330,3240,3570
2011-10-04,fall,2011,Oct,Tue,FALSE,no,67.7315246,74.55722,0.71,13.792218,categ1,486,3970,4456
2011-10-05,fall,2011,Oct,Wed,FALSE,no,71.7289754,79.44242,0.647917,11.87575,categ1,559,4267,4826
2011-10-06,fall,2011,Oct,Thu,FALSE,no,68.4695246,75.23825,0.620833,9.041917999999999,categ1,639,4126,4765
2011-10-07,fall,2011,Oct,Fri,FALSE,no,69.69947540000001,77.39636,0.684167,1.5002439,categ1,949,4036,4985
2011-10-08,fall,2011,Oct,Sat,TRUE,no,70.4990246,78.19178,0.70125,3.0420814,categ1,2235,3174,5409
2011-10-09,fall,2011,Oct,Sun,TRUE,no,71.91347540000001,79.15847,0.7275,4.251150000000001,categ1,2397,3114,5511
2011-10-10,fall,2011,Oct,Mon,FALSE,yes,74.12747540000001,80.86325,0.73375,2.8343814,categ1,1514,3603,5117
2011-10-11,fall,2011,Oct,Tue,FALSE,no,73.82002460000001,81.14864,0.80875,9.583814,categ2,667,3896,4563
2011-10-12,fall,2011,Oct,Wed,FALSE,no,72.0979754,78.59452999999999,0.90625,16.62605,categ3,217,2199,2416
2011-10-13,fall,2011,Oct,Thu,FALSE,no,75.4805246,81.66236,0.896667,9.499729,categ2,290,2623,2913
2011-10-14,fall,2011,Oct,Fri,FALSE,no,72.65147540000001,79.67075,0.71625,15.000161,categ2,529,3115,3644
2011-10-15,fall,2011,Oct,Sat,TRUE,no,69.3920246,76.88525,0.483333,17.291561,categ1,1899,3318,5217
2011-10-16,fall,2011,Oct,Sun,TRUE,no,69.7610246,77.28386,0.486667,18.875039,categ1,1748,3293,5041
2011-10-17,fall,2011,Oct,Mon,FALSE,no,71.4215246,77.96525,0.579583,11.750393,categ1,713,3857,4570
2011-10-18,fall,2011,Oct,Tue,FALSE,no,71.29849999999999,79.04489000000001,0.701667,7.375829,categ2,637,4111,4748
2011-10-19,fall,2011,Oct,Wed,FALSE,no,71.9803382,78.24632,0.895217,16.303713,categ3,254,2170,2424
2011-10-20,fall,2011,Oct,Thu,FALSE,no,67.11647540000001,73.98725,0.63625,28.292425,categ1,471,3724,4195
2011-10-21,fall,2011,Oct,Fri,FALSE,no,63.5495,70.12364,0.574167,14.833532,categ1,676,3628,4304
2011-10-22,fall,2011,Oct,Sat,TRUE,no,63.180499999999995,70.29428,0.629167,6.2086689,categ1,1499,2809,4308
2011-10-23,fall,2011,Oct,Sun,TRUE,no,63.1190246,70.00997000000001,0.74125,6.6673375,categ1,1619,2762,4381
2011-10-24,fall,2011,Oct,Mon,FALSE,no,66.1939754,73.13603,0.772083,7.959064,categ1,699,3488,4187
2011-10-25,fall,2011,Oct,Tue,FALSE,no,66.8090246,73.70375,0.622917,11.166086,categ1,695,3992,4687
2011-10-26,fall,2011,Oct,Wed,FALSE,no,67.7315246,74.55614,0.720417,9.959014,categ2,404,3490,3894
2011-10-27,fall,2011,Oct,Thu,FALSE,no,66.686,73.13414,0.812917,13.250121,categ2,240,2419,2659
2011-10-28,fall,2011,Oct,Fri,FALSE,no,56.4154754,60.69308,0.585833,15.375093,categ2,456,3291,3747
2011-10-29,fall,2011,Oct,Sat,TRUE,no,50.757524599999996,52.51217,0.8825,23.541857,categ3,57,570,627
2011-10-30,fall,2011,Oct,Sun,TRUE,no,55.5545246,60.91961,0.62375,11.833339,categ1,885,2446,3331
2011-10-31,fall,2011,Oct,Mon,FALSE,no,57.092,64.04567,0.703333,7.12545,categ1,362,3307,3669
2011-11-01,fall,2011,Nov,Tue,FALSE,no,61.5814754,67.73792,0.68375,9.083257,categ1,410,3658,4068
2011-11-02,fall,2011,Nov,Wed,FALSE,no,59.8595,67.11197,0.71875,5.5001439,categ1,370,3816,4186
2011-11-03,fall,2011,Nov,Thu,FALSE,no,62.1349754,68.53289,0.702083,9.166739,categ1,318,3656,3974
2011-11-04,fall,2011,Nov,Fri,FALSE,no,61.7659754,68.30528,0.6225,18.209193,categ2,470,3576,4046
2011-11-05,fall,2011,Nov,Sat,TRUE,no,56.10802459999999,61.14686,0.519167,12.667154,categ1,1156,2770,3926
2011-11-06,fall,2011,Nov,Sun,TRUE,no,57.706975400000005,64.61222000000001,0.734583,6.1676314,categ1,952,2697,3649
2011-11-07,fall,2011,Nov,Mon,FALSE,no,61.150999999999996,68.07839,0.75875,3.834075,categ1,373,3662,4035
2011-11-08,fall,2011,Nov,Tue,FALSE,no,62.1349754,69.10214,0.721667,4.6255125,categ1,376,3829,4205
2011-11-09,fall,2011,Nov,Wed,FALSE,no,61.52,68.81711000000001,0.758333,4.1671186,categ1,305,3804,4109
2011-11-10,fall,2011,Nov,Thu,FALSE,no,60.044,65.63489000000001,0.813333,12.667489000000002,categ2,190,2743,2933
2011-11-11,fall,2011,Nov,Fri,FALSE,yes,55.9235246,59.61353,0.44625,21.083225,categ1,440,2928,3368
2011-11-12,fall,2011,Nov,Sat,TRUE,no,58.322024600000006,64.21477999999999,0.552917,14.208154,categ1,1275,2792,4067
2011-11-13,fall,2011,Nov,Sun,TRUE,no,64.5334754,70.7495,0.458333,18.875307,categ1,1004,2713,3717
2011-11-14,fall,2011,Nov,Mon,FALSE,no,71.114,79.21508,0.587083,20.541932,categ1,595,3891,4486
2011-11-15,fall,2011,Nov,Tue,FALSE,no,71.114,77.68211,0.68875,13.375411,categ2,449,3746,4195
2011-11-16,fall,2011,Nov,Wed,FALSE,no,65.7020246,72.67892,0.93,9.167543,categ3,145,1672,1817
2011-11-17,fall,2011,Nov,Thu,FALSE,no,57.21502460000001,61.08989,0.575833,20.459254,categ2,139,2914,3053
2011-11-18,fall,2011,Nov,Fri,FALSE,no,52.2335246,56.544889999999995,0.41,11.291711,categ1,245,3147,3392
2011-11-19,fall,2011,Nov,Sat,TRUE,no,56.2925246,61.20347,0.502083,15.041232,categ1,943,2720,3663
2011-11-20,fall,2011,Nov,Sun,TRUE,no,66.1939754,73.13522,0.684583,12.45865,categ2,787,2733,3520
2011-11-21,fall,2011,Nov,Mon,FALSE,no,65.0255,72.05557999999999,0.91,9.249618,categ3,220,2545,2765
2011-11-22,fall,2011,Nov,Tue,FALSE,no,62.7500246,69.95264,0.9625,7.959064,categ3,69,1538,1607
2011-11-23,fall,2011,Nov,Wed,FALSE,no,64.5334754,70.74833000000001,0.757917,22.500275,categ2,112,2454,2566
2011-11-24,fall,2011,Nov,Thu,FALSE,yes,59.5519754,65.52239,0.549167,11.209368000000001,categ1,560,935,1495
2011-11-25,fall,2011,Nov,Fri,FALSE,no,59.675,66.26039,0.64375,6.6260186,categ1,1095,1697,2792
2011-11-26,fall,2011,Nov,Sat,TRUE,no,59.736475399999996,66.65783,0.681667,4.5841936,categ1,1249,1819,3068
2011-11-27,fall,2011,Nov,Sun,TRUE,no,65.8865246,73.02199999999999,0.698333,13.999918,categ1,810,2261,3071
2011-11-28,fall,2011,Nov,Mon,FALSE,no,69.15667640000001,76.11098,0.743043,9.522174,categ1,253,3614,3867
2011-11-29,fall,2011,Nov,Tue,FALSE,no,65.8249754,72.62375,0.830833,17.292164,categ2,96,2818,2914
2011-11-30,fall,2011,Nov,Wed,FALSE,no,55.985,60.00989,0.613333,18.167586,categ1,188,3425,3613
2011-12-01,fall,2011,Dec,Thu,FALSE,no,55.0625,59.49986,0.524583,14.750586,categ1,182,3545,3727
2011-12-02,fall,2011,Dec,Fri,FALSE,no,55.1855246,61.82897,0.625833,6.750518,categ1,268,3672,3940
2011-12-03,fall,2011,Dec,Sat,TRUE,no,54.0785246,59.954359999999994,0.612917,6.4174811,categ1,706,2908,3614
2011-12-04,fall,2011,Dec,Sun,TRUE,no,56.4154754,63.419000000000004,0.775833,5.6252061,categ1,634,2851,3485
2011-12-05,fall,2011,Dec,Mon,FALSE,no,60.4744754,67.45325,0.827083,4.1679561000000005,categ2,233,3578,3811
2011-12-06,fall,2011,Dec,Tue,FALSE,no,66.13250000000001,73.076,0.949583,15.583061,categ3,126,2468,2594
2011-12-07,fall,2011,Dec,Wed,FALSE,no,62.257999999999996,68.02214000000001,0.970417,17.833725,categ3,50,655,705
2011-12-08,fall,2011,Dec,Thu,FALSE,no,51.6184754,55.12442,0.58,16.083886,categ1,150,3172,3322
2011-12-09,fall,2011,Dec,Fri,FALSE,no,53.4634754,60.578779999999995,0.695833,5.5420189,categ1,261,3359,3620
2011-12-10,fall,2011,Dec,Sat,TRUE,no,52.295,55.97708,0.5075,15.625807,categ1,502,2688,3190
2011-12-11,fall,2011,Dec,Sun,TRUE,no,48.297475399999996,54.783860000000004,0.49,4.458293899999999,categ1,377,2366,2743
2011-12-12,fall,2011,Dec,Mon,FALSE,no,49.588975399999995,56.31764,0.670833,4.251150000000001,categ1,143,3167,3310
2011-12-13,fall,2011,Dec,Tue,FALSE,no,52.8485,59.10242,0.59,9.41685,categ1,155,3368,3523
2011-12-14,fall,2011,Dec,Wed,FALSE,no,55.4315,62.45258,0.66375,4.0842061,categ2,178,3562,3740
2011-12-15,fall,2011,Dec,Thu,FALSE,no,63.180499999999995,69.10133,0.634167,17.958814,categ2,181,3528,3709
2011-12-16,fall,2011,Dec,Fri,FALSE,no,59.675,64.38425000000001,0.500417,17.458525,categ2,178,3399,3577
2011-12-17,fall,2011,Dec,Sat,TRUE,no,51.064975399999994,54.44339,0.560833,16.292189,categ2,275,2464,2739
2011-12-18,fall,2011,Dec,Sun,TRUE,no,49.588975399999995,54.102109999999996,0.58625,11.375193000000001,categ1,220,2211,2431
2011-12-19,fall,2011,Dec,Mon,FALSE,no,52.418024599999995,57.28397,0.6375,11.584031999999999,categ1,260,3143,3403
2011-12-20,fall,2011,Dec,Tue,FALSE,no,60.4744754,67.68086,0.595417,4.1252436,categ2,216,3534,3750
2011-12-21,winter,2011,Dec,Wed,FALSE,no,63.6109754,70.52153,0.858333,14.8338,categ2,107,2553,2660
2011-12-22,winter,2011,Dec,Thu,FALSE,no,63.2419754,70.35089,0.7575,3.1674249999999997,categ2,227,2841,3068
2011-12-23,winter,2011,Dec,Fri,FALSE,no,59.5519754,65.97617,0.68625,18.374482,categ1,163,2046,2209
2011-12-24,winter,2011,Dec,Sat,TRUE,no,54.3245,58.93178,0.5425,12.750368,categ1,155,856,1011
2011-12-25,winter,2011,Dec,Sun,TRUE,no,52.278985399999996,57.19649,0.681304,10.391097,categ1,303,451,754
2011-12-26,winter,2011,Dec,Mon,FALSE,yes,55.7443382,60.39815,0.506957,16.044155,categ1,430,887,1317
2011-12-27,winter,2011,Dec,Tue,FALSE,no,55.985,61.48697,0.7625,12.62615,categ2,103,1059,1162
2011-12-28,winter,2011,Dec,Wed,FALSE,no,54.075794,57.19766,0.50391300000000006,19.695386999999997,categ1,255,2047,2302
2011-12-29,winter,2011,Dec,Thu,FALSE,no,50.3269754,55.750280000000004,0.574167,8.000604000000001,categ1,254,2169,2423
2011-12-30,winter,2011,Dec,Fri,FALSE,no,55.00102460000001,60.69308,0.636667,9.000579,categ1,491,2508,2999
2011-12-31,winter,2011,Dec,Sat,TRUE,no,62.257999999999996,69.27089000000001,0.615833,14.750318,categ1,665,1820,2485
2012-01-01,winter,2012,Jan,Sun,TRUE,no,59.306,65.80589,0.6925,12.875189,categ1,686,1608,2294
2012-01-02,winter,2012,Jan,Mon,FALSE,yes,52.1505734,54.707359999999994,0.381304,22.087555,categ1,244,1707,1951
2012-01-03,winter,2012,Jan,Tue,FALSE,no,43.07,43.36475,0.44125,24.499957000000002,categ1,89,2147,2236
2012-01-04,winter,2012,Jan,Wed,FALSE,no,39.9335,42.74033,0.414583,12.3749,categ2,95,2273,2368
2012-01-05,winter,2012,Jan,Thu,FALSE,no,51.6184754,57.05708,0.524167,8.709128999999999,categ1,140,3132,3272
2012-01-06,winter,2012,Jan,Fri,FALSE,no,56.6615246,62.62403,0.542083,11.249836,categ1,307,3791,4098
2012-01-07,winter,2012,Jan,Sat,TRUE,no,61.0279754,67.17011,0.531667,11.708786,categ1,1070,3451,4521
2012-01-08,winter,2012,Jan,Sun,TRUE,no,56.9075,62.62322,0.465,12.833314,categ1,599,2826,3425
2012-01-09,winter,2012,Jan,Mon,FALSE,no,48.5435246,54.27311,0.701667,6.6263000000000005,categ2,106,2270,2376
2012-01-10,winter,2012,Jan,Tue,FALSE,no,54.781764800000005,60.69434,0.646522,12.565984,categ1,173,3425,3598
2012-01-11,winter,2012,Jan,Wed,FALSE,no,52.2335246,57.45389,0.8475,8.791807,categ2,92,2085,2177
2012-01-12,winter,2012,Jan,Thu,FALSE,no,60.228500000000004,66.37442,0.802917,12.124789,categ2,269,3828,4097
2012-01-13,winter,2012,Jan,Fri,FALSE,no,52.2335246,54.44258,0.5075,25.333236,categ1,174,3040,3214
2012-01-14,winter,2012,Jan,Sat,TRUE,no,45.284,48.47783,0.4575,12.541260999999999,categ1,333,2160,2493
2012-01-15,winter,2012,Jan,Sun,TRUE,no,44.3000246,46.54625,0.419167,16.834286,categ1,284,2027,2311
2012-01-16,winter,2012,Jan,Mon,FALSE,yes,46.022,49.15967,0.5225,15.500986000000001,categ1,217,2081,2298
2012-01-17,winter,2012,Jan,Tue,FALSE,no,59.5305734,64.78502,0.716087,23.39171,categ2,127,2808,2935
2012-01-18,winter,2012,Jan,Wed,FALSE,no,54.38597540000001,56.77286,0.443333,27.833743,categ1,109,3267,3376
2012-01-19,winter,2012,Jan,Thu,FALSE,no,46.022,49.10342,0.4975,14.750586,categ1,130,3162,3292
2012-01-20,winter,2012,Jan,Fri,FALSE,no,48.051500000000004,51.886219999999994,0.45,13.58425,categ2,115,3048,3163
2012-01-21,winter,2012,Jan,Sat,TRUE,no,44.7919754,47.73875,0.83125,14.917014,categ2,67,1234,1301
2012-01-22,winter,2012,Jan,Sun,TRUE,no,43.9925,46.6025,0.79625,13.375746000000001,categ2,196,1781,1977
2012-01-23,winter,2012,Jan,Mon,FALSE,no,48.112975399999996,53.87522,0.91125,7.417436,categ2,145,2287,2432
2012-01-24,winter,2012,Jan,Tue,FALSE,no,57.2765,63.41972,0.835833,8.292389,categ1,439,3900,4339
2012-01-25,winter,2012,Jan,Wed,FALSE,no,53.7095246,58.53389,0.64375,10.791756999999999,categ1,467,3803,4270
2012-01-26,winter,2012,Jan,Thu,FALSE,no,57.21502460000001,64.0445,0.769583,4.9175186,categ2,244,3831,4075
2012-01-27,winter,2012,Jan,Fri,FALSE,no,63.365,69.38447,0.74125,22.958689,categ2,269,3187,3456
2012-01-28,winter,2012,Jan,Sat,TRUE,no,55.3084754,61.374109999999995,0.543333,14.125542999999999,categ1,775,3248,4023
2012-01-29,winter,2012,Jan,Sun,TRUE,no,52.8485,56.544889999999995,0.31125,16.08335,categ1,558,2685,3243
2012-01-30,winter,2012,Jan,Mon,FALSE,no,51.8645246,55.636250000000004,0.400833,14.458064,categ1,126,3498,3624
2012-01-31,winter,2012,Jan,Tue,FALSE,no,60.782,66.31853000000001,0.416667,17.541739,categ1,324,4185,4509
2012-02-01,winter,2012,Feb,Wed,FALSE,no,66.6245246,73.98842,0.507917,12.667489000000002,categ1,304,4275,4579
2012-02-02,winter,2012,Feb,Thu,FALSE,no,61.4585246,67.90738999999999,0.672917,12.541528999999999,categ2,190,3571,3761
2012-02-03,winter,2012,Feb,Fri,FALSE,no,55.12397539999999,59.841139999999996,0.526667,11.959232,categ1,310,3841,4151
2012-02-04,winter,2012,Feb,Sat,TRUE,no,51.495524599999996,56.54525,0.779583,8.167032,categ2,384,2448,2832
2012-02-05,winter,2012,Feb,Sun,TRUE,no,51.6184754,55.80689,0.687917,11.791732000000001,categ2,318,2629,2947
2012-02-06,winter,2012,Feb,Mon,FALSE,no,52.8565442,58.678340000000006,0.622174,10.304599999999999,categ1,206,3578,3784
2012-02-07,winter,2012,Feb,Tue,FALSE,no,58.1375246,64.49936,0.49625,9.874393000000001,categ1,199,4176,4375
2012-02-08,winter,2012,Feb,Wed,FALSE,no,50.942024599999996,55.97789,0.722917,8.959307,categ2,109,2693,2802
2012-02-09,winter,2012,Feb,Thu,FALSE,no,51.557,55.57892,0.562083,13.000478999999999,categ1,163,3667,3830
2012-02-10,winter,2012,Feb,Fri,FALSE,no,52.7254754,58.42022,0.54,7.834243000000001,categ2,227,3604,3831
2012-02-11,winter,2012,Feb,Sat,TRUE,no,48.5435246,50.978030000000004,0.73125,19.416332,categ3,192,1977,2169
2012-02-12,winter,2012,Feb,Sun,TRUE,no,41.4095,41.14922,0.464583,27.417204,categ1,73,1456,1529
2012-02-13,winter,2012,Feb,Mon,FALSE,no,48.420500000000004,52.51217,0.41125,11.207961,categ1,94,3328,3422
2012-02-14,winter,2012,Feb,Tue,FALSE,no,55.5545246,62.05514000000001,0.50875,9.458993,categ2,135,3787,3922
2012-02-15,winter,2012,Feb,Wed,FALSE,no,57.706975400000005,63.64661,0.53125,12.167200000000001,categ1,141,4028,4169
2012-02-16,winter,2012,Feb,Thu,FALSE,no,55.370024599999994,61.71458,0.752917,6.125475000000001,categ2,74,2931,3005
2012-02-17,winter,2012,Feb,Fri,FALSE,no,57.337975400000005,63.64661,0.634583,13.791682,categ1,349,3805,4154
2012-02-18,winter,2012,Feb,Sat,TRUE,no,57.584024600000006,63.988249999999994,0.534583,12.792243,categ1,1435,2883,4318
2012-02-19,winter,2012,Feb,Sun,TRUE,no,52.664,55.92092,0.515833,16.958504,categ2,618,2071,2689
2012-02-20,winter,2012,Feb,Mon,FALSE,yes,52.664,56.60519,0.507826,15.348561,categ1,502,2627,3129
2012-02-21,winter,2012,Feb,Tue,FALSE,no,53.24155880000001,58.56017,0.594348,13.783039,categ1,163,3614,3777
2012-02-22,winter,2012,Feb,Wed,FALSE,no,61.2124754,67.34003,0.567917,15.709557,categ1,394,4379,4773
2012-02-23,winter,2012,Feb,Thu,FALSE,no,65.5175246,72.00014,0.554583,12.791171,categ1,516,4546,5062
2012-02-24,winter,2012,Feb,Fri,FALSE,no,62.073499999999996,68.98739,0.7375,15.916989,categ2,246,3241,3487
2012-02-25,winter,2012,Feb,Sat,TRUE,no,53.4634754,55.01075,0.395833,28.250014,categ1,317,2415,2732
2012-02-26,winter,2012,Feb,Sun,TRUE,no,52.6025246,56.14772,0.41,13.750342999999999,categ1,515,2874,3389
2012-02-27,winter,2012,Feb,Mon,FALSE,no,59.060024600000006,64.21585999999999,0.490833,17.958211000000002,categ1,253,4069,4322
2012-02-28,winter,2012,Feb,Tue,FALSE,no,58.5065246,63.81725,0.395833,12.958939,categ1,229,4134,4363
2012-02-29,winter,2012,Feb,Wed,FALSE,no,57.4128824,63.362300000000005,0.804783,12.000839,categ2,65,1769,1834
2012-03-01,winter,2012,Mar,Thu,FALSE,no,67.85447540000001,74.78339,0.615417,15.208129,categ1,325,4665,4990
2012-03-02,winter,2012,Mar,Fri,FALSE,no,58.075975400000004,64.38578000000001,0.657083,9.708568,categ2,246,2948,3194
2012-03-03,winter,2012,Mar,Sat,TRUE,no,62.5655246,69.21428,0.62125,10.792293,categ2,956,3110,4066
2012-03-04,winter,2012,Mar,Sun,TRUE,no,56.0464754,59.27189,0.403333,22.416257,categ1,710,2713,3423
2012-03-05,winter,2012,Mar,Mon,FALSE,no,49.957975399999995,53.70539,0.50625,15.333486,categ1,203,3130,3333
2012-03-06,winter,2012,Mar,Tue,FALSE,no,51.064975399999994,54.953779999999995,0.456667,13.458625,categ1,221,3735,3956
2012-03-07,winter,2012,Mar,Wed,FALSE,no,61.827524600000004,66.65899999999999,0.513333,23.167193,categ1,432,4484,4916
2012-03-08,winter,2012,Mar,Thu,FALSE,no,70.92949999999999,79.21436,0.5675,29.584721,categ1,486,4896,5382
2012-03-09,winter,2012,Mar,Fri,FALSE,no,62.3194754,67.73747,0.407083,27.7916,categ2,447,4122,4569
2012-03-10,winter,2012,Mar,Sat,TRUE,no,53.2175,56.99903,0.350417,15.125250000000001,categ1,968,3150,4118
2012-03-11,winter,2012,Mar,Sun,TRUE,no,58.6963382,64.3703,0.476957,14.913329000000001,categ1,1658,3253,4911
2012-03-12,winter,2012,Mar,Mon,FALSE,no,66.4400246,73.36328,0.489167,13.916771,categ1,838,4460,5298
2012-03-13,winter,2012,Mar,Tue,FALSE,no,73.697,80.86361,0.6175,15.87565,categ1,762,5085,5847
2012-03-14,winter,2012,Mar,Wed,FALSE,no,74.2505,81.37553,0.507083,7.709154,categ1,997,5315,6312
2012-03-15,winter,2012,Mar,Thu,FALSE,no,73.14349999999999,79.95425,0.579583,10.042161,categ1,1005,5187,6192
2012-03-16,winter,2012,Mar,Fri,FALSE,no,64.1644754,71.26061,0.842083,7.583864,categ2,548,3830,4378
2012-03-17,winter,2012,Mar,Sat,TRUE,no,69.9455246,77.45414,0.755833,7.417168,categ2,3155,4681,7836
2012-03-18,winter,2012,Mar,Sun,TRUE,no,66.87049999999999,73.76,0.81,8.501161,categ2,2207,3685,5892
2012-03-19,winter,2012,Mar,Mon,FALSE,no,72.221,79.95389,0.72875,10.875238999999999,categ1,982,5171,6153
2012-03-20,winter,2012,Mar,Tue,FALSE,no,73.38947540000001,80.46797000000001,0.807917,8.125157,categ1,1051,5042,6093
2012-03-21,spring,2012,Mar,Wed,FALSE,no,71.2370246,78.19322,0.82125,6.000406099999999,categ2,1122,5108,6230
2012-03-22,spring,2012,Mar,Thu,FALSE,no,72.8975246,79.84103,0.83125,7.876654,categ1,1334,5537,6871
2012-03-23,spring,2012,Mar,Fri,FALSE,no,76.4030246,83.30602999999999,0.694167,7.7921000000000005,categ2,2469,5893,8362
2012-03-24,spring,2012,Mar,Sat,TRUE,no,69.08449999999999,75.80597,0.885417,12.916461,categ2,1033,2339,3372
2012-03-25,spring,2012,Mar,Sun,TRUE,no,64.2875,71.37392,0.880833,14.791924999999999,categ2,1532,3464,4996
2012-03-26,spring,2012,Mar,Mon,FALSE,no,64.9024754,71.48750000000001,0.477917,25.917007,categ1,795,4763,5558
2012-03-27,spring,2012,Mar,Tue,FALSE,no,55.861975400000006,60.408860000000004,0.29,12.541864,categ1,531,4571,5102
2012-03-28,spring,2012,Mar,Wed,FALSE,no,67.7315246,74.38550000000001,0.48125,19.541957,categ1,674,5024,5698
2012-03-29,spring,2012,Mar,Thu,FALSE,no,68.4695246,75.40736000000001,0.439167,21.41655,categ1,834,5299,6133
2012-03-30,spring,2012,Mar,Fri,FALSE,no,59.306,65.80589,0.580833,9.250489,categ2,796,4663,5459
2012-03-31,spring,2012,Mar,Sat,TRUE,no,63.3035246,69.95372,0.738333,16.791338999999997,categ2,2301,3934,6235
2012-04-01,spring,2012,Apr,Sun,TRUE,no,63.4264754,69.55583000000001,0.67625,11.541889,categ2,2347,3694,6041
2012-04-02,spring,2012,Apr,Mon,FALSE,no,64.0227794,70.47617,0.504348,20.913313,categ1,1208,4728,5936
2012-04-03,spring,2012,Apr,Tue,FALSE,no,66.4400246,73.53347,0.396667,6.708911,categ1,1348,5424,6772
2012-04-04,spring,2012,Apr,Wed,FALSE,no,71.9750246,80.01050000000001,0.469583,12.125325,categ1,1058,5378,6436
2012-04-05,spring,2012,Apr,Thu,FALSE,no,64.10300000000001,70.80467,0.374167,14.708443,categ1,1192,5265,6457
2012-04-06,spring,2012,Apr,Fri,FALSE,no,61.7659754,67.16902999999999,0.377083,20.125996,categ1,1807,4653,6460
2012-04-07,spring,2012,Apr,Sat,TRUE,no,64.2875,70.35161,0.254167,18.416356999999998,categ1,3252,3605,6857
2012-04-08,spring,2012,Apr,Sun,TRUE,no,68.9,76.31825,0.275833,15.583931999999999,categ1,2230,2939,5169
2012-04-09,spring,2012,Apr,Mon,FALSE,no,68.1005246,74.89742000000001,0.3175,23.999132,categ1,905,4680,5585
2012-04-10,spring,2012,Apr,Tue,FALSE,no,64.9640246,71.26097,0.435,16.708125000000003,categ1,819,5099,5918
2012-04-11,spring,2012,Apr,Wed,FALSE,no,57.7337648,62.35466,0.469565,19.783358,categ1,482,4380,4862
2012-04-12,spring,2012,Apr,Thu,FALSE,no,61.335499999999996,66.88436,0.46625,19.458743,categ1,663,4746,5409
2012-04-13,spring,2012,Apr,Fri,FALSE,no,64.6565,70.86272,0.408333,10.416557,categ1,1252,5146,6398
2012-04-14,spring,2012,Apr,Sat,TRUE,no,68.531,75.91964,0.502917,12.791439,categ1,2795,4665,7460
2012-04-15,spring,2012,Apr,Sun,TRUE,no,76.77202460000001,83.64875,0.507917,15.083643,categ1,2846,4286,7132
2012-04-16,spring,2012,Apr,Mon,FALSE,yes,81.01552459999999,87.34325000000001,0.561667,19.083543,categ1,1198,5172,6370
2012-04-17,spring,2012,Apr,Tue,FALSE,no,76.8949754,85.86383000000001,0.390417,18.333143,categ1,989,5702,6691
2012-04-18,spring,2012,Apr,Wed,FALSE,no,66.1939754,73.13342,0.569167,11.250104,categ2,347,4020,4367
2012-04-19,spring,2012,Apr,Thu,FALSE,no,68.7769754,76.37414000000001,0.6125,4.417256399999999,categ1,846,5719,6565
2012-04-20,spring,2012,Apr,Fri,FALSE,no,70.86802460000001,78.41975,0.694583,10.041357,categ1,1340,5950,7290
2012-04-21,spring,2012,Apr,Sat,TRUE,no,74.066,80.86289,0.682917,19.000328999999997,categ1,2541,4083,6624
2012-04-22,spring,2012,Apr,Sun,TRUE,no,61.274024600000004,67.05536000000001,0.835417,23.084582,categ3,120,907,1027
2012-04-23,spring,2012,Apr,Mon,FALSE,no,55.73902459999999,59.10124999999999,0.766667,20.334232,categ2,195,3019,3214
2012-04-24,spring,2012,Apr,Tue,FALSE,no,62.5039754,68.47547,0.454167,16.708661,categ1,518,5115,5633
2012-04-25,spring,2012,Apr,Wed,FALSE,no,67.1780246,74.32853,0.427917,7.959064,categ1,655,5541,6196
2012-04-26,spring,2012,Apr,Thu,FALSE,no,68.7769754,75.52247,0.756667,11.833875,categ2,475,4551,5026
2012-04-27,spring,2012,Apr,Fri,FALSE,no,65.7635,72.73733,0.400833,23.291411,categ1,1014,5219,6233
2012-04-28,spring,2012,Apr,Sat,TRUE,no,59.7980246,65.97536,0.489583,8.708325,categ2,1120,3100,4220
2012-04-29,spring,2012,Apr,Sun,TRUE,no,65.8249754,72.51088999999999,0.587083,7.8328359999999995,categ1,2229,4075,6304
2012-04-30,spring,2012,Apr,Mon,FALSE,no,66.2555246,73.19264,0.57,11.499746,categ2,665,4907,5572
2012-05-01,spring,2012,May,Tue,FALSE,no,77.26397539999999,83.93189000000001,0.659583,10.458432,categ2,653,5087,5740
2012-05-02,spring,2012,May,Wed,FALSE,no,73.6355246,80.41064,0.797083,9.249885999999998,categ1,667,5502,6169
2012-05-03,spring,2012,May,Thu,FALSE,no,73.328,80.35177999999999,0.768333,8.957632,categ2,764,5657,6421
2012-05-04,spring,2012,May,Fri,FALSE,no,78.3095,85.18253000000001,0.735417,10.916846,categ1,1069,5227,6296
2012-05-05,spring,2012,May,Sat,TRUE,no,77.8790246,84.61472,0.756667,10.250464,categ2,2496,4387,6883
2012-05-06,spring,2012,May,Sun,TRUE,no,73.5125,81.20633000000001,0.74,10.041893,categ2,2135,4224,6359
2012-05-07,spring,2012,May,Mon,FALSE,no,71.66749999999999,79.44278,0.664167,15.458307000000001,categ2,1008,5265,6273
2012-05-08,spring,2012,May,Tue,FALSE,no,74.92702460000001,82.17239000000001,0.685833,19.833942999999998,categ2,738,4990,5728
2012-05-09,spring,2012,May,Wed,FALSE,no,74.435,81.77225,0.744167,14.499604,categ2,620,4097,4717
2012-05-10,spring,2012,May,Thu,FALSE,no,69.3304754,76.26047,0.552083,21.042220999999998,categ1,1026,5546,6572
2012-05-11,spring,2012,May,Fri,FALSE,no,71.3599754,78.87497,0.360417,15.874779,categ1,1319,5711,7030
2012-05-12,spring,2012,May,Sat,TRUE,no,73.6355246,81.03353,0.480417,8.249911,categ1,2622,4807,7429
2012-05-13,spring,2012,May,Sun,TRUE,no,77.2025,84.67142000000001,0.57625,15.082839,categ1,2172,3946,6118
2012-05-14,spring,2012,May,Mon,FALSE,no,74.3119754,81.49100000000001,0.789583,14.250364,categ2,342,2501,2843
2012-05-15,spring,2012,May,Tue,FALSE,no,77.1410246,83.87636,0.794583,9.875264,categ2,625,4490,5115
2012-05-16,spring,2012,May,Wed,FALSE,no,78.98602460000001,85.63775000000001,0.697917,8.208304,categ1,991,6433,7424
2012-05-17,spring,2012,May,Thu,FALSE,no,75.7879754,83.53517000000001,0.52,15.374825000000001,categ1,1242,6142,7384
2012-05-18,spring,2012,May,Fri,FALSE,no,73.6355246,81.60088999999999,0.523333,9.166739,categ1,1521,6118,7639
2012-05-19,spring,2012,May,Sat,TRUE,no,76.28,83.02171999999999,0.45625,5.626325,categ1,3410,4884,8294
2012-05-20,spring,2012,May,Sun,TRUE,no,77.8174754,84.55703,0.530417,17.042589,categ1,2704,4425,7129
2012-05-21,spring,2012,May,Mon,FALSE,no,76.1569754,82.91003,0.81125,15.624668,categ2,630,3729,4359
2012-05-22,spring,2012,May,Tue,FALSE,no,77.387,84.27425,0.765833,7.917189,categ2,819,5254,6073
2012-05-23,spring,2012,May,Wed,FALSE,no,77.8790246,84.61508,0.774583,6.834,categ2,766,4494,5260
2012-05-24,spring,2012,May,Thu,FALSE,no,80.339,86.60300000000001,0.716667,11.584031999999999,categ1,1059,5711,6770
2012-05-25,spring,2012,May,Fri,FALSE,no,82.184,88.47761,0.747083,9.41685,categ1,1417,5317,6734
2012-05-26,spring,2012,May,Sat,TRUE,no,83.10650000000001,89.84264000000002,0.7325,13.332464,categ1,2855,3681,6536
2012-05-27,spring,2012,May,Sun,TRUE,no,82.922,89.72825,0.697083,14.416457,categ1,3283,3308,6591
2012-05-28,spring,2012,May,Mon,FALSE,yes,84.58250000000001,93.137,0.67625,13.166907,categ1,2557,3486,6043
2012-05-29,spring,2012,May,Tue,FALSE,no,85.32050000000001,92.56927999999999,0.684583,19.7918,categ1,880,4863,5743
2012-05-30,spring,2012,May,Wed,FALSE,no,80.4620246,87.00161,0.67,9.000043,categ2,745,6110,6855
2012-05-31,spring,2012,May,Thu,FALSE,no,82.184,88.81961000000001,0.492917,13.083693,categ1,1100,6238,7338
2012-06-01,spring,2012,Jun,Fri,FALSE,no,80.27752459999999,86.71658,0.755417,15.916720999999999,categ2,533,3594,4127
2012-06-02,spring,2012,Jun,Sat,TRUE,no,75.0499754,82.96592,0.549167,12.499654,categ1,2795,5325,8120
2012-06-03,spring,2012,Jun,Sun,TRUE,no,76.4645,83.76197,0.493333,12.333829,categ1,2494,5147,7641
2012-06-04,spring,2012,Jun,Mon,FALSE,no,76.09550000000002,84.04547,0.487083,19.083811,categ1,1071,5927,6998
2012-06-05,spring,2012,Jun,Tue,FALSE,no,71.91347540000001,79.33028000000002,0.613333,14.041525,categ2,968,6033,7001
2012-06-06,spring,2012,Jun,Wed,FALSE,no,72.8975246,80.80628,0.61125,5.167375,categ1,1027,6028,7055
2012-06-07,spring,2012,Jun,Thu,FALSE,no,76.4645,83.24978,0.567083,10.542449999999999,categ1,1038,6456,7494
2012-06-08,spring,2012,Jun,Fri,FALSE,no,79.9085246,85.80758,0.467917,11.750661000000001,categ1,1488,6248,7736
2012-06-09,spring,2012,Jun,Sat,TRUE,no,84.4594754,90.35303000000002,0.437083,9.667229,categ1,2708,4790,7498
2012-06-10,spring,2012,Jun,Sun,TRUE,no,85.6280246,91.71653,0.538333,8.959307,categ1,2224,4374,6598
2012-06-11,spring,2012,Jun,Mon,FALSE,no,85.1974754,91.37489,0.587917,13.916771,categ2,1017,5647,6664
2012-06-12,spring,2012,Jun,Tue,FALSE,no,80.2159754,85.80875,0.833333,14.374581999999998,categ2,477,4495,4972
2012-06-13,spring,2012,Jun,Wed,FALSE,no,80.4004754,87.00053,0.582083,22.999693,categ1,1173,6248,7421
2012-06-14,spring,2012,Jun,Thu,FALSE,no,79.8469754,88.19447,0.569583,17.000111,categ1,1180,6183,7363
2012-06-15,spring,2012,Jun,Fri,FALSE,no,79.17052460000001,85.97785999999999,0.589583,11.833339,categ1,1563,6102,7665
2012-06-16,spring,2012,Jun,Sat,TRUE,no,78.6170246,85.52372,0.504167,11.166689,categ1,2963,4739,7702
2012-06-17,spring,2012,Jun,Sun,TRUE,no,75.7265,83.47775,0.59875,9.708568,categ1,2634,4344,6978
2012-06-18,spring,2012,Jun,Mon,FALSE,no,73.9429754,81.03578,0.777917,11.707982000000001,categ2,653,4446,5099
2012-06-19,spring,2012,Jun,Tue,FALSE,no,82.7989754,90.92228,0.69,9.917139,categ1,968,5857,6825
2012-06-20,spring,2012,Jun,Wed,FALSE,no,89.74849999999999,96.88775,0.592083,7.625404,categ1,872,5339,6211
2012-06-21,summer,2012,Jun,Thu,FALSE,no,91.4704754,99.72878,0.567917,7.958729,categ1,778,5127,5905
2012-06-22,summer,2012,Jun,Fri,FALSE,no,89.37950000000001,97.17089,0.57375,12.250414000000001,categ1,964,4859,5823
2012-06-23,summer,2012,Jun,Sat,TRUE,no,85.9970246,90.75128000000001,0.534583,12.041307,categ1,2657,4801,7458
2012-06-24,summer,2012,Jun,Sun,TRUE,no,86.85797540000002,92.68286,0.479167,9.750174999999999,categ1,2551,4340,6891
2012-06-25,summer,2012,Jun,Mon,FALSE,no,84.8284754,90.86378,0.504167,20.125661,categ1,1139,5640,6779
2012-06-26,summer,2012,Jun,Tue,FALSE,no,78.5554754,85.52336,0.373333,23.292014000000002,categ1,1077,6365,7442
2012-06-27,summer,2012,Jun,Wed,FALSE,no,83.47550000000001,89.67128,0.36,18.208925,categ1,1077,6258,7335
2012-06-28,summer,2012,Jun,Thu,FALSE,no,87.2885246,92.79607999999999,0.4225,11.50055,categ1,921,5958,6879
2012-06-29,summer,2012,Jun,Fri,FALSE,no,93.56152460000001,102.79517,0.48875,11.082939000000001,categ1,829,4634,5463
2012-06-30,summer,2012,Jun,Sat,TRUE,no,88.45700000000001,93.87572,0.60125,10.791756999999999,categ1,1455,4232,5687
2012-07-01,summer,2012,Jul,Sun,TRUE,no,92.2084754,99.55661,0.51875,11.291443000000001,categ1,1421,4110,5531
2012-07-02,summer,2012,Jul,Mon,FALSE,no,89.6870246,95.18342000000001,0.447083,13.082889,categ1,904,5323,6227
2012-07-03,summer,2012,Jul,Tue,FALSE,no,89.6254754,95.2385,0.492083,8.457878999999998,categ1,1052,5608,6660
2012-07-04,summer,2012,Jul,Wed,FALSE,yes,90.24052459999999,97.91033,0.53875,9.041649999999999,categ1,2562,4841,7403
2012-07-05,summer,2012,Jul,Thu,FALSE,no,93.0695,100.52303,0.457917,12.999943,categ1,1405,4836,6241
2012-07-06,summer,2012,Jul,Fri,FALSE,no,93.1309754,99.72797,0.450833,9.791514,categ1,1366,4841,6207
2012-07-07,summer,2012,Jul,Sat,TRUE,no,95.5910246,104.44217,0.492083,10.958118,categ1,1448,3392,4840
2012-07-08,summer,2012,Jul,Sun,TRUE,no,92.7005,103.13564,0.57375,8.417143,categ1,1203,3469,4672
2012-07-09,summer,2012,Jul,Mon,FALSE,no,84.4594754,90.86486,0.683333,12.125325,categ2,998,5571,6569
2012-07-10,summer,2012,Jul,Tue,FALSE,no,85.1974754,91.83164000000001,0.6675,10.166379000000001,categ2,954,5336,6290
2012-07-11,summer,2012,Jul,Wed,FALSE,no,84.8900246,90.52439000000001,0.633333,10.166111,categ1,975,6289,7264
2012-07-12,summer,2012,Jul,Thu,FALSE,no,84.8284754,90.92147,0.529583,9.833924999999999,categ1,1032,6414,7446
2012-07-13,summer,2012,Jul,Fri,FALSE,no,85.9970246,92.11397,0.485833,5.41695,categ2,1511,5988,7499
2012-07-14,summer,2012,Jul,Sat,TRUE,no,83.90597539999999,91.94378,0.699167,9.626493,categ2,2355,4614,6969
2012-07-15,summer,2012,Jul,Sun,TRUE,no,87.0424754,95.46764000000002,0.717917,11.166689,categ1,1920,4111,6031
2012-07-16,summer,2012,Jul,Mon,FALSE,no,88.33397540000001,97.17125000000001,0.645,11.000529,categ1,1088,5742,6830
2012-07-17,summer,2012,Jul,Tue,FALSE,no,92.39297540000001,100.01147,0.505833,7.666743,categ1,921,5865,6786
2012-07-18,summer,2012,Jul,Wed,FALSE,no,90.54797539999998,99.10247000000001,0.577083,9.208614,categ1,799,4914,5713
2012-07-19,summer,2012,Jul,Thu,FALSE,no,88.826,96.31778000000001,0.600417,11.083743,categ1,888,5703,6591
2012-07-20,summer,2012,Jul,Fri,FALSE,no,81.1384754,87.17225,0.844167,14.000789000000001,categ2,747,5123,5870
2012-07-21,summer,2012,Jul,Sat,TRUE,no,75.97247540000001,81.49207999999999,0.865417,14.2911,categ3,1264,3195,4459
2012-07-22,summer,2012,Jul,Sun,TRUE,no,81.2615,88.08125000000001,0.7625,6.2926936,categ2,2544,4866,7410
2012-07-23,summer,2012,Jul,Mon,FALSE,no,86.7350246,94.10153,0.694167,9.291761,categ1,1135,5831,6966
2012-07-24,summer,2012,Jul,Tue,FALSE,no,87.4114754,95.5805,0.655,14.167418,categ1,1140,6452,7592
2012-07-25,summer,2012,Jul,Wed,FALSE,no,85.4435246,90.86486,0.45,11.0416,categ1,1383,6790,8173
2012-07-26,summer,2012,Jul,Thu,FALSE,no,89.3180246,98.53367,0.596667,19.082470999999998,categ1,1036,5825,6861
2012-07-27,summer,2012,Jul,Fri,FALSE,no,89.6870246,98.07953,0.594583,10.250464,categ1,1259,5645,6904
2012-07-28,summer,2012,Jul,Sat,TRUE,no,87.7804754,94.78436,0.613333,10.542449999999999,categ1,2234,4451,6685
2012-07-29,summer,2012,Jul,Sun,TRUE,no,85.2590246,92.11397,0.62375,11.416532,categ1,2153,4444,6597
2012-07-30,summer,2012,Jul,Mon,FALSE,no,85.9354754,93.64883,0.66875,10.292339,categ1,1040,6065,7105
2012-07-31,summer,2012,Jul,Tue,FALSE,no,84.64397539999999,91.66064,0.704167,11.083475,categ1,968,6248,7216
2012-08-01,summer,2012,Aug,Wed,FALSE,no,84.95150000000001,92.05772,0.6775,9.458993,categ1,1074,6506,7580
2012-08-02,summer,2012,Aug,Thu,FALSE,no,87.53450000000001,95.63792000000001,0.659583,8.666718,categ1,983,6278,7261
2012-08-03,summer,2012,Aug,Fri,FALSE,no,88.5184754,97.05803000000002,0.6425,14.458064,categ2,1328,5847,7175
2012-08-04,summer,2012,Aug,Sat,TRUE,no,90.54797539999998,99.61403,0.613333,17.249686,categ1,2345,4479,6824
2012-08-05,summer,2012,Aug,Sun,TRUE,no,88.7645246,97.79711,0.6525,19.458206999999998,categ1,1707,3757,5464
2012-08-06,summer,2012,Aug,Mon,FALSE,no,87.53450000000001,95.92214000000001,0.654167,8.666718,categ2,1233,5780,7013
2012-08-07,summer,2012,Aug,Tue,FALSE,no,86.3044754,94.78589,0.70375,7.8328359999999995,categ2,1278,5995,7273
2012-08-08,summer,2012,Aug,Wed,FALSE,no,87.35,95.69453000000001,0.672917,7.4169,categ2,1263,6271,7534
2012-08-09,summer,2012,Aug,Thu,FALSE,no,87.7804754,94.95572,0.620417,10.458699999999999,categ1,1196,6090,7286
2012-08-10,summer,2012,Aug,Fri,FALSE,no,84.8284754,92.11478,0.715833,16.000471,categ2,1065,4721,5786
2012-08-11,summer,2012,Aug,Sat,TRUE,no,83.10650000000001,89.44403,0.732917,13.834093,categ2,2247,4052,6299
2012-08-12,summer,2012,Aug,Sun,TRUE,no,83.7214754,90.01211,0.530417,8.208304,categ1,2182,4362,6544
2012-08-13,summer,2012,Aug,Mon,FALSE,no,85.1974754,91.60286,0.545417,9.126204,categ1,1207,5676,6883
2012-08-14,summer,2012,Aug,Tue,FALSE,no,85.6280246,92.91011,0.686667,11.333586,categ1,1128,5656,6784
2012-08-15,summer,2012,Aug,Wed,FALSE,no,84.1520246,90.86333,0.619583,11.374657000000001,categ1,1198,6149,7347
2012-08-16,summer,2012,Aug,Thu,FALSE,no,85.0745246,90.92192,0.519167,9.500332,categ1,1338,6267,7605
2012-08-17,summer,2012,Aug,Fri,FALSE,no,85.3819754,53.816,0.570833,15.500718000000001,categ1,1483,5665,7148
2012-08-18,summer,2012,Aug,Sat,TRUE,no,82.0609754,87.62639000000001,0.603333,11.917089,categ1,2827,5038,7865
2012-08-19,summer,2012,Aug,Sun,TRUE,no,78.9244754,86.31986,0.711667,5.79215,categ2,1208,3341,4549
2012-08-20,summer,2012,Aug,Mon,FALSE,no,78.9244754,85.63703000000001,0.734167,8.708593,categ2,1026,5504,6530
2012-08-21,summer,2012,Aug,Tue,FALSE,no,79.9085246,86.09225,0.67375,4.8756436,categ1,1081,5925,7006
2012-08-22,summer,2012,Aug,Wed,FALSE,no,81.2615,87.96686,0.677083,4.708981100000001,categ1,1094,6281,7375
2012-08-23,summer,2012,Aug,Thu,FALSE,no,83.3524754,89.33072,0.635833,5.6679186,categ1,1363,6402,7765
2012-08-24,summer,2012,Aug,Fri,FALSE,no,83.84450000000001,90.239,0.615,4.8337686,categ2,1325,6257,7582
2012-08-25,summer,2012,Aug,Sat,TRUE,no,80.8310246,87.68264,0.712917,16.375336,categ2,1829,4224,6053
2012-08-26,summer,2012,Aug,Sun,TRUE,no,80.2159754,85.63964,0.845833,15.333486,categ2,1483,3772,5255
2012-08-27,summer,2012,Aug,Mon,FALSE,no,83.90597539999999,90.92192,0.730417,8.625110999999999,categ1,989,5928,6917
2012-08-28,summer,2012,Aug,Tue,FALSE,no,85.7509754,91.9445,0.62,12.791975,categ1,935,6105,7040
2012-08-29,summer,2012,Aug,Wed,FALSE,no,82.553,89.21597,0.552083,7.541653999999999,categ1,1177,6520,7697
2012-08-30,summer,2012,Aug,Thu,FALSE,no,84.1520246,90.75011,0.590417,5.1668189,categ1,1172,6541,7713
2012-08-31,summer,2012,Aug,Fri,FALSE,no,88.3955246,94.04599999999999,0.5875,11.291711,categ1,1433,5917,7350
2012-09-01,summer,2012,Sep,Sat,TRUE,no,87.59597540000001,95.23886,0.638333,7.5835289999999995,categ2,2352,3788,6140
2012-09-02,summer,2012,Sep,Sun,TRUE,no,83.4140246,90.41,0.815,4.2927436,categ2,2613,3197,5810
2012-09-03,summer,2012,Sep,Mon,FALSE,yes,84.21350000000001,91.54661000000002,0.790833,10.125107,categ1,1965,4069,6034
2012-09-04,summer,2012,Sep,Tue,FALSE,no,85.5664754,93.81992,0.755,15.833507000000001,categ1,867,5997,6864
2012-09-05,summer,2012,Sep,Wed,FALSE,no,86.3660246,95.80847,0.74125,12.583136,categ1,832,6280,7112
2012-09-06,summer,2012,Sep,Thu,FALSE,no,83.4140246,90.97961000000001,0.810417,9.542207,categ2,611,5592,6203
2012-09-07,summer,2012,Sep,Fri,FALSE,no,83.90597539999999,91.14836,0.73625,11.500282,categ1,1045,6459,7504
2012-09-08,summer,2012,Sep,Sat,TRUE,no,80.64652459999999,87.00089,0.799167,18.833968000000002,categ2,1557,4419,5976
2012-09-09,summer,2012,Sep,Sun,TRUE,no,77.018,84.10325,0.5475,15.041232,categ1,2570,5657,8227
2012-09-10,summer,2012,Sep,Mon,FALSE,no,75.0499754,82.90886,0.50375,17.333771000000002,categ1,1118,6407,7525
2012-09-11,summer,2012,Sep,Tue,FALSE,no,74.6195,81.88628,0.52,6.1676314,categ1,1070,6697,7767
2012-09-12,summer,2012,Sep,Wed,FALSE,no,76.2185246,83.30675,0.577083,8.833682,categ1,1050,6820,7870
2012-09-13,summer,2012,Sep,Thu,FALSE,no,77.2025,84.16022000000001,0.637083,5.5422936,categ1,1054,6750,7804
2012-09-14,summer,2012,Sep,Fri,FALSE,no,78.7399754,85.46747,0.6725,6.9588209999999995,categ1,1379,6630,8009
2012-09-15,summer,2012,Sep,Sat,TRUE,no,76.8949754,84.72803,0.501667,16.583907,categ1,3160,5554,8714
2012-09-16,summer,2012,Sep,Sun,TRUE,no,74.804,82.68125,0.57,6.042281099999999,categ1,2166,5167,7333
2012-09-17,summer,2012,Sep,Mon,FALSE,no,74.86547540000001,81.77450000000002,0.734583,10.166713999999999,categ2,1022,5847,6869
2012-09-18,summer,2012,Sep,Tue,FALSE,no,78.00197539999999,82.85603,0.8725,23.958329,categ2,371,3702,4073
2012-09-19,summer,2012,Sep,Wed,FALSE,no,72.7745,80.63636,0.536667,14.416725,categ1,788,6803,7591
2012-09-20,summer,2012,Sep,Thu,FALSE,no,72.34402460000001,79.89728,0.618333,7.917189,categ1,939,6781,7720
2012-09-21,summer,2012,Sep,Fri,FALSE,no,76.2185246,83.47739,0.66875,10.333343000000001,categ1,1250,6917,8167
2012-09-22,summer,2012,Sep,Sat,TRUE,no,79.97,86.94391999999999,0.646667,19.000061,categ1,2512,5883,8395
2012-09-23,fall,2012,Sep,Sun,TRUE,no,71.0525246,78.70397,0.467083,14.958286000000001,categ1,2454,5453,7907
2012-09-24,fall,2012,Sep,Mon,FALSE,no,69.9455246,77.22617,0.492917,9.541068000000001,categ1,1001,6435,7436
2012-09-25,fall,2012,Sep,Tue,FALSE,no,72.59,80.97611,0.57,15.833507000000001,categ1,845,6693,7538
2012-09-26,fall,2012,Sep,Wed,FALSE,no,78.863,85.69516999999999,0.630833,16.3748,categ1,787,6946,7733
2012-09-27,fall,2012,Sep,Thu,FALSE,no,79.97,86.71775000000001,0.690833,9.000914,categ2,751,6642,7393
2012-09-28,fall,2012,Sep,Fri,FALSE,no,77.6945246,84.72767,0.69,10.999993,categ2,1045,6370,7415
2012-09-29,fall,2012,Sep,Sat,TRUE,no,72.0365,79.72664,0.542917,15.249468,categ1,2589,5966,8555
2012-09-30,fall,2012,Sep,Sun,TRUE,no,70.86802460000001,78.58967000000001,0.583333,9.042186,categ1,2015,4874,6889
2012-10-01,fall,2012,Oct,Mon,FALSE,no,70.43747540000001,78.08000000000001,0.649167,6.0838814,categ2,763,6015,6778
2012-10-02,fall,2012,Oct,Tue,FALSE,no,75.60347540000001,80.80996999999999,0.871667,6.9998249999999995,categ3,315,4324,4639
2012-10-03,fall,2012,Oct,Wed,FALSE,no,80.5235,85.92197,0.79375,4.4585686,categ2,728,6844,7572
2012-10-04,fall,2012,Oct,Thu,FALSE,no,80.5235,86.71775000000001,0.722917,7.875582,categ2,891,6437,7328
2012-10-05,fall,2012,Oct,Fri,FALSE,no,77.387,84.21683,0.6275,7.12545,categ1,1516,6640,8156
2012-10-06,fall,2012,Oct,Sat,TRUE,no,72.8975246,80.46689,0.664167,17.957675000000002,categ1,3031,4934,7965
2012-10-07,fall,2012,Oct,Sun,TRUE,no,62.6884754,69.78317,0.708333,9.457854000000001,categ2,781,2729,3510
2012-10-08,fall,2012,Oct,Mon,FALSE,yes,60.2899754,66.88472,0.709583,12.708492999999999,categ2,874,4604,5478
2012-10-09,fall,2012,Oct,Tue,FALSE,no,64.9640246,71.43008,0.761667,12.7501,categ2,601,5791,6392
2012-10-10,fall,2012,Oct,Wed,FALSE,no,69.9455246,77.28278,0.630833,12.584007,categ1,780,6911,7691
2012-10-11,fall,2012,Oct,Thu,FALSE,no,64.10300000000001,70.80503,0.463333,12.166932000000001,categ1,834,6736,7570
2012-10-12,fall,2012,Oct,Fri,FALSE,no,64.2875,70.97639000000001,0.539167,15.751164,categ1,1060,6222,7282
2012-10-13,fall,2012,Oct,Sat,TRUE,no,61.0279754,67.22564,0.494583,9.791514,categ1,2252,4857,7109
2012-10-14,fall,2012,Oct,Sun,TRUE,no,70.4990246,77.73836,0.640417,18.667004000000002,categ1,2080,4559,6639
2012-10-15,fall,2012,Oct,Mon,FALSE,no,73.45102460000001,80.5235,0.7075,19.834478999999998,categ2,760,5115,5875
2012-10-16,fall,2012,Oct,Tue,FALSE,no,66.5629754,73.47613999999999,0.558333,12.208807,categ1,922,6612,7534
2012-10-17,fall,2012,Oct,Wed,FALSE,no,65.6404754,72.50972,0.692917,6.791857,categ1,979,6482,7461
2012-10-18,fall,2012,Oct,Thu,FALSE,no,70.56049999999999,78.13625,0.728333,15.874779,categ2,1008,6501,7509
2012-10-19,fall,2012,Oct,Fri,FALSE,no,73.5739754,80.41064,0.815,9.041917999999999,categ2,753,4671,5424
2012-10-20,fall,2012,Oct,Sat,TRUE,no,67.7315246,74.55578,0.572917,7.874979,categ1,2806,5284,8090
2012-10-21,fall,2012,Oct,Sun,TRUE,no,66.2555246,73.07861,0.51,11.125618000000001,categ1,2132,4692,6824
2012-10-22,fall,2012,Oct,Mon,FALSE,no,67.97749999999999,75.46477999999999,0.568333,5.4593811,categ1,830,6228,7058
2012-10-23,fall,2012,Oct,Tue,FALSE,no,72.1595246,79.72736,0.641667,6.3345686,categ1,841,6625,7466
2012-10-24,fall,2012,Oct,Wed,FALSE,no,75.3575,82.28489,0.63625,4.8762064,categ1,795,6898,7693
2012-10-25,fall,2012,Oct,Thu,FALSE,no,72.59,79.67192,0.800417,8.333125,categ2,875,6484,7359
2012-10-26,fall,2012,Oct,Fri,FALSE,no,72.28247540000001,79.04750000000001,0.807083,8.875289,categ2,1182,6262,7444
2012-10-27,fall,2012,Oct,Sat,TRUE,no,71.114,78.36196999999999,0.72,15.791364000000002,categ2,2643,5209,7852
2012-10-28,fall,2012,Oct,Sun,TRUE,no,67.23949999999999,74.09939,0.694583,26.666535999999997,categ2,998,3461,4459
2012-10-29,fall,2012,Oct,Mon,FALSE,no,64.47200000000001,71.54599999999999,0.88,23.9994,categ3,2,20,22
2012-10-30,fall,2012,Oct,Tue,FALSE,no,55.48183160000001,59.89181,0.825455,14.271603,categ2,87,1009,1096
2012-10-31,fall,2012,Oct,Wed,FALSE,no,58.3835,64.499,0.666667,11.166689,categ2,419,5147,5566
2012-11-01,fall,2012,Nov,Thu,FALSE,no,58.998475400000004,65.29478,0.581667,10.542182,categ2,466,5520,5986
2012-11-02,fall,2012,Nov,Fri,FALSE,no,58.199,64.04378,0.522083,17.833725,categ1,618,5229,5847
2012-11-03,fall,2012,Nov,Sat,TRUE,no,57.337975400000005,61.14614,0.49125,18.125443,categ2,1029,4109,5138
2012-11-04,fall,2012,Nov,Sun,TRUE,no,56.0464754,61.65842000000001,0.532917,12.000236,categ1,1201,3906,5107
2012-11-05,fall,2012,Nov,Mon,FALSE,no,55.5545246,59.726749999999996,0.494167,15.833775000000001,categ1,378,4881,5259
2012-11-06,fall,2012,Nov,Tue,FALSE,no,52.7254754,57.34103,0.567083,11.625371,categ1,466,5220,5686
2012-11-07,fall,2012,Nov,Wed,FALSE,no,53.8324754,56.71589,0.5475,20.375236,categ2,326,4709,5035
2012-11-08,fall,2012,Nov,Thu,FALSE,no,57.9904412,62.77019,0.333478,23.304945,categ1,340,4975,5315
2012-11-09,fall,2012,Nov,Fri,FALSE,no,58.691024600000006,63.98717,0.540833,14.375386,categ1,709,5283,5992
2012-11-10,fall,2012,Nov,Sat,TRUE,no,60.7205246,67.45433,0.645417,3.8756686,categ1,2090,4446,6536
2012-11-11,fall,2012,Nov,Sun,TRUE,no,63.0574754,69.95417,0.659167,8.5425,categ1,2290,4562,6852
2012-11-12,fall,2012,Nov,Mon,FALSE,yes,67.793,74.78447,0.741667,11.625639,categ1,1097,5172,6269
2012-11-13,fall,2012,Nov,Tue,FALSE,no,57.337975400000005,61.09025,0.662917,22.917082,categ2,327,3767,4094
2012-11-14,fall,2012,Nov,Wed,FALSE,no,53.3405246,57.34067,0.552083,13.374875,categ1,373,5122,5495
2012-11-15,fall,2012,Nov,Thu,FALSE,no,55.73902459999999,61.20428,0.620417,10.250129000000001,categ2,320,5125,5445
2012-11-16,fall,2012,Nov,Fri,FALSE,no,57.461,63.24836,0.524583,11.458675000000001,categ1,484,5214,5698
2012-11-17,fall,2012,Nov,Sat,TRUE,no,55.985,61.37447,0.545417,12.041843,categ1,1313,4316,5629
2012-11-18,fall,2012,Nov,Sun,TRUE,no,57.2765,62.39714,0.692917,15.250004,categ1,922,3747,4669
2012-11-19,fall,2012,Nov,Mon,FALSE,no,60.105475399999996,65.80589,0.623333,15.749489,categ2,449,5050,5499
2012-11-20,fall,2012,Nov,Tue,FALSE,no,59.613524600000005,66.26003,0.685,5.542575,categ2,534,5100,5634
2012-11-21,fall,2012,Nov,Wed,FALSE,no,58.075975400000004,64.84028,0.61375,6.917482000000001,categ1,615,4531,5146
2012-11-22,fall,2012,Nov,Thu,FALSE,yes,57.092,63.53339,0.580417,3.5423436,categ1,955,1470,2425
2012-11-23,fall,2012,Nov,Fri,FALSE,no,59.182975400000004,66.09011,0.56875,9.917407,categ1,1603,2307,3910
2012-11-24,fall,2012,Nov,Sat,TRUE,no,52.5409754,54.38678,0.404583,25.250357,categ1,532,1745,2277
2012-11-25,fall,2012,Nov,Sun,TRUE,no,50.142475399999995,55.18247,0.468333,10.083499999999999,categ1,309,2115,2424
2012-11-26,fall,2012,Nov,Mon,FALSE,no,55.12397539999999,62.510360000000006,0.535417,3.1255499999999996,categ1,337,4750,5087
2012-11-27,fall,2012,Nov,Tue,FALSE,no,53.5250246,57.34022,0.786667,15.916654,categ2,123,3836,3959
2012-11-28,fall,2012,Nov,Wed,FALSE,no,53.8940246,58.07858,0.50625,14.125007,categ1,198,5062,5260
2012-11-29,fall,2012,Nov,Thu,FALSE,no,52.728206,58.85798,0.555652,7.739974,categ1,243,5080,5323
2012-11-30,fall,2012,Nov,Fri,FALSE,no,54.01697540000001,61.148030000000006,0.649583,3.9175436,categ1,362,5306,5668
2012-12-01,fall,2012,Dec,Sat,TRUE,no,54.01697540000001,60.52136,0.806667,4.0001814,categ2,951,4240,5191
2012-12-02,fall,2012,Dec,Sun,TRUE,no,57.6455,64.32872,0.823333,8.333393000000001,categ2,892,3757,4649
2012-12-03,fall,2012,Dec,Mon,FALSE,no,65.39450000000001,73.02163999999999,0.7675,5.5422936,categ1,555,5679,6234
2012-12-04,fall,2012,Dec,Tue,FALSE,no,67.11647540000001,74.21486,0.73375,11.666643,categ1,551,6055,6606
2012-12-05,fall,2012,Dec,Wed,FALSE,no,64.3489754,70.52108000000001,0.485,21.709407,categ1,331,5398,5729
2012-12-06,fall,2012,Dec,Thu,FALSE,no,50.880475399999995,55.23836,0.50875,11.708518,categ1,340,5035,5375
2012-12-07,fall,2012,Dec,Fri,FALSE,no,55.6774754,60.976220000000005,0.764167,8.7502,categ2,349,4659,5008
2012-12-08,fall,2012,Dec,Sat,TRUE,no,60.1670246,67.05572000000001,0.91125,6.792393,categ2,1153,4429,5582
2012-12-09,fall,2012,Dec,Sun,TRUE,no,60.3515246,67.11314,0.905417,10.584325,categ2,441,2787,3228
2012-12-10,fall,2012,Dec,Mon,FALSE,no,64.1644754,71.20175,0.925,12.750636,categ2,329,4841,5170
2012-12-11,fall,2012,Dec,Tue,FALSE,no,58.075975400000004,62.45267,0.596667,19.834478999999998,categ2,282,5219,5501
2012-12-12,fall,2012,Dec,Wed,FALSE,no,53.9555,58.760419999999996,0.538333,10.916779,categ2,310,5009,5319
2012-12-13,fall,2012,Dec,Thu,FALSE,no,53.8324754,58.47692,0.485833,11.666643,categ1,425,5107,5532
2012-12-14,fall,2012,Dec,Fri,FALSE,no,52.787024599999995,58.47728,0.642917,8.792343,categ1,429,5182,5611
2012-12-15,fall,2012,Dec,Sat,TRUE,no,55.9235246,62.45447,0.650417,7.12545,categ1,767,4280,5047
2012-12-16,fall,2012,Dec,Sun,TRUE,no,58.7525,65.29442,0.83875,6.749714,categ2,538,3248,3786
2012-12-17,fall,2012,Dec,Mon,FALSE,no,61.0279754,68.135,0.907083,6.583306100000001,categ2,212,4373,4585
2012-12-18,fall,2012,Dec,Tue,FALSE,no,62.3194754,68.87372,0.66625,14.834067999999998,categ1,433,5124,5557
2012-12-19,fall,2012,Dec,Wed,FALSE,no,56.5385,62.794579999999996,0.625417,12.334164000000001,categ1,333,4934,5267
2012-12-20,fall,2012,Dec,Thu,FALSE,no,56.354,62.169529999999995,0.667917,8.875021,categ2,314,3814,4128
2012-12-21,winter,2012,Dec,Fri,FALSE,no,56.10802459999999,59.15903,0.556667,25.083661000000003,categ2,221,3402,3623
2012-12-22,winter,2012,Dec,Sat,TRUE,no,51.6184754,53.25017,0.44125,27.292182,categ1,205,1544,1749
2012-12-23,winter,2012,Dec,Sun,TRUE,no,50.142475399999995,55.35239,0.515417,8.916561,categ1,408,1379,1787
2012-12-24,winter,2012,Dec,Mon,FALSE,no,49.0702352,55.301,0.791304,5.1744368000000005,categ2,174,746,920
2012-12-25,winter,2012,Dec,Tue,FALSE,yes,53.498235199999996,58.50185,0.734783,11.304642,categ2,440,573,1013
2012-12-26,winter,2012,Dec,Wed,FALSE,no,49.957975399999995,51.82997,0.823333,21.208582,categ3,9,432,441
2012-12-27,winter,2012,Dec,Thu,FALSE,no,50.757524599999996,52.39778,0.652917,23.458911,categ2,247,1867,2114
2012-12-28,winter,2012,Dec,Fri,FALSE,no,50.695975399999995,54.954139999999995,0.59,10.416557,categ2,644,2451,3095
2012-12-29,winter,2012,Dec,Sat,TRUE,no,50.695975399999995,53.816,0.752917,8.333661,categ2,159,1182,1341
2012-12-30,winter,2012,Dec,Sun,TRUE,no,50.880475399999995,52.852999999999994,0.483333,23.500518,categ1,364,1432,1796
2012-12-31,winter,2012,Dec,Mon,FALSE,no,47.928475399999996,52.11383,0.5775,10.374682,categ2,439,2290,2729
