SubjectID,UnemSpell,Censored,Age,Sex,Education,Race,NumDependents,UI,Married,CountyUnemRate,Homeowner,HourWageLastYear,WifeEmployed
2472,1,0,55,0,10,1,2,0,1,5,1,990,1
1260,2,0,23,0,11,0,2,1,0,7,0,752,0
1717,16,0,25,0,12,0,1,0,0,7,0,421,0
1717,26,1,24,0,12,0,1,0,0,7,0,1282,0
1144,3,0,34,0,9,0,5,1,1,10,1,1000,1
694,2,0,25,0,12,0,2,0,1,10,1,876,1
694,23,0,23,0,12,0,2,1,1,7,1,946,1
5292,15,1,30,1,11,1,3,0,0,6,0,205,0
6624,2,0,53,0,10,1,4,1,1,11,1,1145,1
2920,4,0,24,0,9,0,4,1,1,7,1,917,1
2920,15,0,23,0,9,0,4,1,1,7,1,818,1
5069,4,0,30,1,10,1,4,0,0,12,0,288,0
5069,3,0,29,1,10,1,4,0,0,13,0,801,0
6821,12,0,45,1,12,1,1,1,0,5,0,543,0
134,4,0,47,1,16,1,2,0,0,7,0,520,0
134,16,0,46,1,16,1,2,0,0,7,0,664,0
5565,20,0,30,0,13,1,4,1,1,4,0,534,1
980,21,0,33,1,10,0,2,1,0,5,1,702,0
2590,16,0,26,0,12,0,6,1,1,14,0,803,0
2590,16,0,25,0,12,0,6,1,1,7,0,799,0
5640,13,0,27,0,16,1,4,1,1,12,0,1455,1
5640,36,0,26,0,16,1,4,1,1,13,0,890,1
318,6,0,56,0,11,0,4,1,1,13,1,906,0
5052,13,0,28,1,11,1,4,0,0,12,0,650,0
5052,12,0,27,1,11,1,4,0,0,13,0,325,0
713,37,1,25,0,12,0,2,1,1,5,0,566,0
5437,4,0,56,0,11,0,4,1,1,9,1,1667,1
5317,98,1,48,0,11,1,4,0,1,7,0,417,0
173,4,0,29,0,12,0,4,0,1,2,1,225,0
1722,6,0,26,0,12,1,2,0,0,6,0,417,0
1717,2,0,27,0,13,0,1,1,0,7,0,455,0
677,1,0,50,0,8,0,2,1,1,3,1,1552,0
677,1,0,49,0,8,0,2,1,1,5,1,893,0
5332,17,1,26,0,11,1,5,0,1,6,0,644,1
5332,12,0,25,0,11,1,4,0,1,5,0,513,1
1918,1,0,28,0,12,0,3,0,1,7,1,974,1
6709,12,0,29,0,7,1,5,1,1,11,0,364,1
6709,13,1,28,0,7,1,4,1,1,7,0,1132,1
1756,55,1,22,0,10,0,6,1,1,7,0,2530,0
263,8,0,32,0,12,0,4,1,1,7,1,1183,0
625,12,0,29,1,16,0,1,1,0,5,0,474,0
6086,4,0,23,0,12,1,1,0,0,7,0,112,0
2545,62,1,30,0,12,0,2,0,1,7,0,438,1
1196,2,0,55,0,8,0,2,1,0,7,1,1076,0
789,3,0,32,0,12,0,3,1,1,7,1,924,0
789,9,0,31,0,12,0,3,1,1,7,1,945,1
432,26,0,27,0,10,0,3,1,1,5,0,597,1
432,3,0,26,0,10,0,3,1,1,9.5,0,511,1
563,2,0,33,0,13,0,4,1,1,9,1,1533,0
563,6,0,32,0,13,0,4,1,1,7,1,1425,0
1570,98,1,54,0,11,1,2,0,1,9,1,0,0
830,35,1,39,0,12,0,2,1,1,9,1,1782,1
2062,1,0,22,0,12,0,2,0,1,5,0,625,1
6646,10,0,27,1,9,1,2,1,0,5,0,578,0
1167,17,0,36,0,8,1,8,1,1,11,1,297,1
5437,32,1,28,0,12,0,3,1,1,9,0,1243,0
87,13,0,22,0,12,0,3,0,1,7,0,158,0
5052,47,1,25,0,11,1,1,0,0,12,0,118,0
729,17,1,24,0,12,0,5,1,1,7,1,1236,1
5570,1,0,20,0,12,1,3,1,1,6,1,659,0
2608,1,0,30,0,10,1,6,0,1,9,1,702,1
2608,2,0,30,0,10,1,5,0,1,7,1,409,1
461,2,0,64,0,5,0,2,1,1,7,1,639,0
461,12,0,31,0,10,0,4,1,1,10,1,611,1
898,6,0,41,1,12,0,1,0,0,8,0,417,0
898,15,0,40,1,12,0,1,0,0,7,0,241,0
5921,2,0,35,0,12,1,4,1,1,7,1,1358,0
1698,16,0,23,0,14,0,3,1,1,9.5,0,241,0
5492,52,1,31,1,11,1,2,0,0,7,0,0,0
771,1,0,35,0,9,0,4,1,1,7,1,764,1
129,7,0,23,0,10,0,4,1,1,10,0,400,1
1786,34,1,55,0,12,0,4,1,1,3,1,432,1
1786,26,0,54,0,12,0,4,1,1,3,1,591,1
632,1,0,39,0,12,0,4,0,1,7,0,1510,0
1022,2,0,24,1,11,0,3,0,0,9.5,0,656,0
40,14,0,20,0,12,0,3,0,1,5,1,561,1
2250,2,0,27,0,13,0,3,1,1,7,1,1309,0
840,22,0,23,0,9,1,4,1,1,5,0,450,0
840,17,1,23,0,9,1,4,1,1,5,0,274,0
1166,18,0,26,0,11,0,2,1,1,8,0,916,0
5995,6,0,46,0,8,1,4,1,1,12,1,1359,0
5995,2,0,45,0,8,1,4,1,1,13,1,1217,0
6115,78,1,26,0,12,1,5,1,1,11,1,0,0
2434,4,0,34,0,16,0,4,1,0,7,0,524,0
4,17,0,28,0,9,0,4,1,1,7,1,476,1
548,71,1,38,0,12,0,7,1,1,12,1,0,0
796,2,0,27,0,11,0,2,1,1,6,0,918,1
1541,8,0,25,0,12,0,3,1,1,13,1,1206,0
245,2,0,29,0,13,1,4,1,1,11,1,972,1
1353,2,0,26,0,14,0,3,0,1,9.5,1,998,1
2713,10,0,39,0,13,0,1,1,0,9,0,471,0
2515,2,0,26,0,12,0,4,0,1,5,0,239,1
1893,2,0,23,0,12,0,2,0,1,5,0,517,1
1762,98,1,29,1,10,0,4,0,0,12,0,0,0
6459,4,0,45,0,9,1,4,0,1,7,0,516,0
5991,3,0,40,0,11,1,1,0,1,5,1,303,1
6499,4,0,41,0,13,1,4,1,1,11,0,1224,0
6499,4,0,40,0,13,1,8,1,1,7,0,943,0
6415,2,0,44,1,12,0,4,1,0,3,0,758,0
6708,98,1,30,1,8,1,3,0,0,7,0,0,0
1538,4,0,25,0,16,0,1,0,0,7,0,244,0
2851,18,0,24,0,12,0,2,1,1,13,1,1091,0
2851,25,0,23,0,12,0,2,1,1,13,1,365,0
2487,2,0,30,0,11,0,4,1,1,14,1,1276,0
2487,2,0,29,0,11,0,3,1,1,13,1,1130,0
2632,1,0,34,0,12,0,4,1,1,11,0,1205,0
2632,1,0,33,0,12,0,4,1,1,11,0,1019,0
263,12,0,20,0,12,0,2,1,1,7,0,703,1
2632,13,0,22,0,10,0,4,1,1,11,0,641,1
5317,26,1,22,0,11,1,1,0,0,7,0,315,0
5317,21,1,21,0,11,1,1,0,0,7,0,545,0
5215,98,1,47,0,8,1,6,0,1,7,1,0,0
1579,4,0,29,1,17,0,3,0,0,5,0,380,0
1351,1,0,44,0,12,0,4,0,1,12,1,767,1
6200,12,0,25,0,11,1,1,0,0,7,0,330,0
6200,1,0,24,0,11,1,1,0,0,7,0,264,0
5360,26,1,39,1,11,1,4,1,0,6,1,0,0
2844,12,0,62,1,4,1,1,0,0,7,1,227,0
6493,1,0,37,1,12,1,3,0,0,8,1,1250,0
6493,1,0,36,1,12,1,4,1,0,7,1,824,0
1697,39,0,30,0,11,0,6,1,1,8,1,1078,1
1697,49,1,29,0,11,0,6,1,1,9.5,1,641,1
2665,62,1,23,0,9,1,6,1,1,10,0,0,0
2050,2,0,35,0,12,0,3,1,1,6,0,1534,1
6630,3,0,62,1,12,1,1,1,0,9,0,441,0
6630,2,0,61,1,12,1,1,1,0,7,0,438,0
6626,3,0,23,1,12,1,1,1,0,11,0,444,0
6626,1,0,35,1,12,1,1,1,1,7,0,499,1
2529,10,0,30,0,12,0,4,1,1,9,1,1077,1
2529,5,0,29,0,12,0,4,1,1,7,1,824,1
6827,3,0,29,0,12,0,4,1,1,9,1,1121,1
6827,4,0,28,0,12,0,4,1,1,7,1,918,1
444,10,0,32,0,15,0,4,0,1,7,1,530,0
444,8,0,31,0,15,0,4,0,1,7,1,365,0
2661,14,0,26,0,9,0,4,1,1,7,1,750,0
6051,24,0,28,0,11,1,1,1,0,7,0,536,0
2527,15,1,50,0,12,0,3,0,1,5,1,1193,1
1657,1,0,38,0,10,0,4,1,1,3,1,1294,1
1657,1,0,37,0,10,0,4,1,1,5,1,1024,1
1295,2,0,52,0,12,0,3,1,1,7,1,472,1
2516,1,0,43,0,12,0,3,0,1,8,1,524,1
597,12,0,40,0,7,0,1,1,0,4,1,581,0
597,1,0,39,0,7,0,1,1,0,7,1,425,0
5713,3,0,54,0,9,0,1,0,0,7,0,412,0
5610,12,0,34,1,11,1,4,1,0,6,0,695,0
5610,2,0,32,1,11,1,4,1,0,5,0,420,0
2893,6,0,52,0,12,0,2,1,1,7,1,576,0
2334,4,0,29,0,13,0,4,1,1,7,1,808,1
5570,2,0,24,0,12,1,5,1,1,7,1,301,1
2191,4,0,28,0,12,1,2,0,1,3,0,419,1
5175,52,0,28,0,12,0,4,1,1,7,1,741,1
5175,40,0,27,0,12,0,4,1,1,7,1,285,1
5806,39,1,32,0,14,0,1,1,0,7,0,984,0
1406,53,0,29,0,12,0,4,1,1,11,1,864,1
1406,4,0,27,0,12,0,4,1,1,9.5,1,729,1
2108,1,0,22,0,12,0,1,1,0,9,1,1498,0
2108,2,0,44,0,12,0,1,1,1,7,1,1369,1
5046,15,0,55,0,9,1,2,1,1,9,1,655,0
1970,4,0,20,0,12,0,1,0,0,8,0,567,0
1971,1,0,50,0,12,0,2,1,1,7,1,954,1
1970,2,0,46,0,12,0,5,1,1,7,1,1234,1
5048,98,1,40,0,12,1,7,0,1,12,0,0,0
5495,24,0,33,0,10,1,1,0,0,13,0,277,0
5055,52,0,36,0,11,1,6,1,1,13,1,333,0
5178,5,0,53,0,5,0,2,0,1,7,1,495,0
5182,2,0,26,0,12,1,1,0,0,7,1,494,0
5464,12,0,31,0,10,1,4,1,1,7,0,956,0
2392,2,0,38,0,8,0,8,1,1,7,1,758,1
5192,6,0,29,0,12,1,1,0,0,9,0,259,0
6368,3,0,54,0,6,1,5,1,1,9,1,1763,0
6368,3,0,53,0,6,1,4,1,1,7,1,688,1
5646,1,0,47,0,11,1,3,0,0,7,0,576,0
5505,8,0,31,0,12,0,4,1,1,5,1,835,0
1733,12,0,30,1,14,0,1,1,0,7,1,741,0
1533,2,0,51,0,10,0,3,1,1,7,1,1107,1
557,8,0,22,0,11,0,3,1,1,3,0,226,1
6644,3,0,42,0,8,0,4,0,1,10,1,359,0
2016,1,0,26,0,14,0,1,0,0,8,0,801,0
2016,3,0,25,0,14,0,1,0,0,9.5,0,654,0
581,2,0,58,1,11,0,1,1,0,7,1,556,0
581,3,0,57,1,11,0,1,1,0,5,1,553,0
709,43,0,25,0,10,0,6,0,1,12,0,376,0
5790,7,0,43,0,12,0,3,1,1,4,1,1179,1
2013,20,0,57,0,10,0,5,1,1,9.5,1,429,1
1206,26,1,54,0,10,0,2,1,1,9.5,1,2783,1
1292,6,0,44,0,12,0,5,1,1,10,1,1349,1
131,1,0,50,0,4,0,3,1,1,7,1,657,1
694,20,1,44,0,8,0,4,1,1,10,1,1626,0
6615,4,0,25,1,12,1,2,1,0,8,1,641,0
6615,14,0,24,1,12,1,2,1,0,9.5,1,694,0
1129,13,1,46,0,3,1,9,1,1,5,1,472,1
2530,3,0,28,0,12,0,4,1,1,7,1,1578,0
712,3,0,24,0,12,0,2,0,1,5,0,828,1
5203,17,1,52,0,12,0,3,1,0,5,0,923,0
2927,2,0,58,0,8,1,2,0,1,5,1,1006,1
5819,2,0,24,0,10,1,2,0,1,7,1,131,0
5819,16,0,24,0,10,1,3,1,1,7,0,444,0
5913,3,0,26,0,10,0,4,1,1,7,0,902,0
1628,1,0,24,0,12,0,2,1,1,7,1,1487,1
119,12,0,41,0,13,0,4,1,1,13,1,815,0
319,30,1,31,1,15,0,1,1,0,12,1,1339,0
319,22,0,30,1,15,0,1,1,0,11,1,1225,0
5057,52,1,26,0,11,1,1,0,0,12,0,0,0
5057,52,1,25,0,11,1,1,1,0,13,0,813,0
5684,14,0,20,1,14,1,2,0,0,7,0,284,0
5714,18,1,46,0,8,1,3,1,1,8,1,952,1
5714,17,1,45,0,8,1,4,1,1,9.5,1,652,1
2011,18,1,25,0,12,0,3,1,1,8,1,883,1
2011,5,0,24,0,12,0,3,1,1,9.5,1,696,1
2502,1,0,24,0,12,0,4,0,1,9.5,1,273,1
6165,22,0,23,1,16,1,2,1,0,9.5,0,867,0
6113,1,0,24,0,10,0,4,0,1,9.5,1,404,0
5014,4,0,22,0,13,1,3,0,1,9,0,927,1
2441,7,0,42,1,8,0,1,1,0,12,0,699,0
2441,8,0,26,1,8,0,2,1,1,7,0,747,1
5707,4,0,34,0,12,0,3,1,1,5,1,1168,1
5707,16,0,32,0,12,0,3,1,1,5,1,870,1
6646,2,0,24,0,8,1,4,0,0,5,0,370,0
6469,3,0,40,0,12,0,5,0,1,7,1,531,0
6469,8,0,39,0,12,0,5,0,1,7,1,654,0
2054,8,0,23,0,16,0,2,1,1,7,1,1127,1
1511,52,1,34,1,11,1,3,1,0,11,0,0,0
41,43,1,26,0,12,0,4,1,1,11,1,691,1
722,31,1,30,0,17,0,3,0,0,5,0,1706,0
1762,21,1,27,0,12,0,4,1,1,6,1,694,0
5035,94,1,31,0,10,1,3,1,1,10,0,0,0
6050,98,1,25,1,11,1,4,0,0,7,0,0,0
5782,30,0,43,1,13,1,4,0,0,7,0,563,0
5177,35,1,22,1,11,1,2,0,0,3,0,375,0
5904,1,0,32,0,12,1,4,0,1,7,0,680,0
5904,4,0,31,0,12,1,3,1,1,7,0,994,0
5177,24,0,24,0,10,1,1,1,0,7,0,316,0
2557,13,0,26,0,13,1,1,1,1,7,0,442,1
6188,6,0,50,0,4,1,3,0,1,9,1,1000,1
6189,21,0,35,1,11,1,5,1,0,7,1,343,0
6615,1,0,24,0,15,1,4,1,1,8,0,446,1
6615,22,1,23,0,15,1,4,1,1,5,0,223,1
6377,19,0,21,0,12,1,3,1,1,7,0,452,1
536,3,0,55,0,7,0,2,1,1,7,1,896,0
536,1,0,28,0,12,0,7,1,1,7,1,475,1
6281,2,0,45,0,13,1,3,1,1,5,0,500,1
6281,17,1,22,1,12,1,4,1,0,7,0,298,0
2884,20,0,32,1,14,1,3,1,0,7,1,957,0
6849,17,0,31,0,12,1,5,0,1,7,0,350,0
6482,4,0,27,0,11,1,1,0,0,5,0,765,0
1732,4,0,21,1,14,1,1,1,0,6,0,976,0
5430,17,1,27,0,12,1,5,1,1,9,1,580,1
6178,13,0,28,0,12,1,6,1,1,3,0,674,0
1404,9,0,38,0,10,0,6,1,1,11,1,906,1
1404,4,0,36,0,10,0,5,1,1,9.5,1,791,1
2032,24,0,23,0,12,0,4,0,1,11,0,308,0
2028,4,0,35,0,12,1,4,0,1,7,1,909,1
5097,1,0,25,0,12,0,2,0,1,7,0,877,1
1222,6,0,20,0,12,0,2,0,1,5,1,633,1
1222,2,0,40,0,12,0,2,0,1,3,1,312,1
2486,13,0,31,0,11,0,3,1,1,14,1,634,0
2486,8,0,30,0,11,0,4,1,1,13,1,661,0
2485,56,0,33,0,12,0,4,1,1,11,0,519,0
2485,26,1,32,0,12,0,4,1,1,13,1,798,1
2849,26,0,21,1,12,0,1,1,0,14,0,385,0
1655,2,0,34,0,10,0,6,0,1,3,1,1218,0
5437,6,0,26,0,12,0,4,1,1,4,1,1190,1
5247,26,0,25,0,11,0,4,1,1,5,0,1028,0
5247,30,1,25,0,11,0,4,1,1,5,0,316,0
1692,5,0,33,0,12,0,3,1,1,5,1,1746,1
5852,24,0,46,0,8,1,4,1,1,7,1,407,1
6358,24,1,31,1,12,1,4,1,0,8,0,453,0
6367,26,1,22,0,12,1,1,0,0,5,0,384,0
5882,13,0,32,0,12,0,3,1,1,9,1,385,1
1345,8,0,22,0,12,0,4,1,1,7,0,930,1
2526,4,0,28,0,12,0,4,0,1,5,1,936,0
2339,8,0,26,0,12,0,3,1,1,7,1,1200,1
504,5,0,39,1,12,0,3,1,0,9,1,567,0
504,1,0,38,1,12,0,3,1,0,7,1,354,0
2339,3,0,27,0,11,0,3,0,1,7,0,169,0
6552,26,0,47,0,10,0,1,1,0,9,1,420,0
6552,12,0,45,0,10,0,1,1,0,7,1,556,0
6553,39,0,33,1,9,1,4,1,0,7,1,682,0
5464,12,0,59,0,5,1,5,1,1,9,1,635,0
5570,1,0,24,0,12,1,3,0,1,6,0,522,0
315,26,0,26,0,12,0,1,1,0,12,1,1490,0
315,26,0,26,0,12,0,1,1,0,11,1,1265,0
5569,9,0,27,0,12,1,4,1,1,5,0,335,0
5569,8,0,22,0,12,1,2,1,1,7,0,335,0
215,8,0,43,0,14,0,4,1,1,5,1,396,1
691,18,1,20,0,12,0,1,1,0,5,0,641,0
1312,1,0,21,0,12,1,2,0,0,5,0,415,0
6478,16,0,28,0,10,1,5,0,0,7,0,360,0
652,1,0,47,0,9,0,3,1,1,7,1,1167,0
2417,5,0,47,0,11,0,5,1,1,10,1,580,0
2417,8,0,46,0,11,0,5,1,1,9.5,1,638,1
5370,26,1,21,0,12,1,3,0,0,7,0,319,0
5370,17,1,20,0,12,1,2,0,0,5,0,333,0
5634,17,0,29,0,12,1,6,1,1,7,0,938,0
5137,3,0,20,0,11,0,3,1,1,7,0,962,0
6436,24,0,25,0,10,1,8,0,1,7,0,1286,0
6436,98,1,28,1,9,1,4,0,0,9,0,156,0
2647,1,0,35,0,13,0,1,0,0,3,1,907,0
6161,17,0,31,0,12,1,3,1,1,6,0,432,1
1075,26,1,22,0,10,0,4,1,1,5,0,410,0
1075,39,1,21,0,10,0,4,1,1,7,0,846,0
7,39,0,26,0,12,0,5,0,1,8,0,606,0
7,52,1,25,0,12,0,5,0,1,7,0,605,1
2782,5,0,29,0,12,0,5,1,1,11,1,1654,1
129,8,0,31,0,8,0,1,0,0,10,0,542,0
2806,15,0,20,0,12,0,3,1,1,1,1,592,0
2806,1,0,20,0,12,0,2,1,1,1.5,1,257,0
1282,12,0,27,0,12,0,4,1,1,9,0,909,1
5672,24,0,28,0,12,1,1,1,0,4,0,96,0
5672,4,0,27,0,12,1,1,1,0,5,0,207,0
6167,12,0,25,0,7,1,5,1,1,11,0,532,0
6167,66,1,24,0,7,1,3,1,1,7,0,839,0
6037,22,1,26,1,12,0,3,1,0,7,0,335,0
2621,23,1,54,0,8,0,2,1,1,7,1,438,1
534,41,0,32,0,14,0,4,1,1,9.5,1,1474,0
2644,39,0,27,0,12,1,2,1,1,11,0,615,0
2678,30,0,24,0,12,0,1,1,0,7,1,853,0
2248,2,0,28,0,12,0,6,1,1,7,0,1217,0
5077,35,1,60,0,12,0,2,1,1,5,0,1470,1
750,2,0,21,1,12,0,1,1,0,9.5,1,924,0
5683,13,0,58,1,8,1,6,0,0,8,1,1389,0
5683,2,0,56,1,8,1,3,0,0,7,1,488,0
5383,18,1,22,0,10,0,3,1,1,11,0,767,0
2819,2,0,63,1,12,0,4,1,0,13,1,956,0
5324,6,0,20,0,11,0,1,0,0,6,0,562,0
6646,15,0,23,0,12,1,4,1,1,5,0,266,0
2426,13,1,53,1,12,0,1,1,0,12,1,767,0
2731,1,0,22,0,12,1,1,0,0,7,0,872,0
2731,1,0,21,0,12,1,3,0,0,7,0,887,0
1717,6,0,24,0,11,0,3,1,1,7,1,815,0
5057,102,1,32,0,14,1,5,1,1,12,1,0,1
6635,2,0,62,0,4,1,5,0,1,7,0,511,1
5904,52,1,30,0,12,1,1,0,0,7,0,0,0
694,1,0,25,0,12,0,3,1,1,11,1,591,1
694,13,0,24,0,12,0,3,1,1,7,1,448,1
1071,2,0,42,0,12,0,5,1,1,7,1,539,0
6495,10,0,32,1,14,1,1,0,0,7,0,531,0
6643,2,0,49,0,12,0,5,1,1,5,0,1208,0
6643,2,0,48,0,12,0,5,1,1,5,0,935,0
5830,1,0,35,1,12,1,1,0,0,5,0,715,0
6845,22,0,48,0,12,1,6,0,1,7,0,309,1
1435,3,0,27,0,15,0,1,0,0,6,0,609,0
1435,14,0,26,0,15,0,1,0,0,7,0,556,0
1114,2,0,41,1,12,0,1,0,0,13,1,157,0
5783,30,0,30,0,9,0,2,1,1,7,0,1152,0
5993,30,1,30,0,7,0,5,0,1,6,0,385,1
1192,4,0,46,0,12,0,3,0,1,5,1,1014,1
2150,2,0,47,0,8,0,3,1,1,9.5,1,1129,1
60,25,1,34,0,12,0,4,1,1,5,1,697,0
2646,20,1,30,0,13,1,3,0,0,5,1,1875,0
5613,1,0,29,0,12,1,5,0,1,7,1,883,1
1380,52,1,40,0,17,0,1,0,0,4,0,263,0
1380,30,1,39,0,17,0,1,1,0,5,0,375,0
6196,12,0,24,0,12,0,3,1,1,7,0,873,0
2464,20,0,49,0,10,0,2,1,1,5,1,833,1
217,11,0,27,0,12,1,3,1,1,11,1,362,0
217,14,0,26,0,12,1,3,1,1,7,1,725,0
6707,3,0,37,0,12,1,7,1,1,8,0,996,1
6707,8,0,36,0,12,1,7,1,1,7,0,1036,1
6208,17,1,35,0,12,1,3,1,0,7,0,883,0
961,2,0,48,0,8,0,5,0,1,7,1,500,1
5068,52,1,26,0,14,1,1,1,0,12,0,0,0
1079,30,0,26,0,13,0,4,1,1,7,0,1136,0
6846,26,1,26,1,13,1,1,1,0,5,0,462,0
6846,52,1,30,1,11,1,2,1,0,6,0,0,0
2180,1,0,34,0,17,0,5,0,1,7,1,597,1
2180,4,0,35,0,17,0,5,0,1,7,1,292,1
2246,15,0,23,0,12,0,1,1,0,4,0,684,0
2119,4,0,29,0,12,0,5,1,1,6,0,454,1
2119,26,0,28,0,12,0,6,1,1,7,0,854,1
6224,4,0,37,0,11,0,6,1,1,7,0,1134,1
6652,17,1,36,1,16,1,1,1,0,13,1,545,0
5739,50,0,39,0,14,1,3,0,0,3,1,139,0
6129,2,0,31,0,12,1,6,1,1,9.5,1,646,1
5363,17,1,22,0,12,1,2,1,1,6,1,2625,1
417,3,0,42,0,8,0,3,1,1,5,1,1081,1
1810,2,0,31,0,12,1,6,0,1,7,1,1347,1
1655,1,0,37,0,12,0,4,1,1,3,1,625,0
5956,1,0,40,0,7,1,3,0,1,6,1,847,0
2422,6,0,50,0,10,0,2,1,1,10,1,873,0
1880,52,1,28,0,11,0,2,0,1,14,0,625,0
1759,2,0,52,0,11,0,2,1,1,14,1,1381,0
1759,12,0,51,0,11,0,2,1,1,13,1,1198,0
2379,30,0,43,0,14,0,4,1,1,8,1,1027,1
5233,4,0,22,1,14,0,1,1,0,5,0,1304,0
6545,39,1,20,1,12,1,2,0,0,8,0,0,0
5571,12,0,27,0,9,0,4,1,1,9,0,962,0
5037,19,1,21,0,12,1,4,0,1,9,0,380,0
5037,13,1,20,0,12,1,3,0,1,7,0,271,0
2180,1,0,24,0,14,0,1,0,0,7,0,1116,0
5922,34,1,22,0,11,1,1,0,0,7,0,350,0
5393,98,1,33,0,10,1,2,0,1,11,0,0,1
5393,12,0,33,0,10,1,2,0,1,7,0,427,1
6210,60,0,26,0,12,1,1,1,1,8,0,354,0
6088,98,1,30,1,12,1,3,0,0,7,0,240,0
5041,52,1,23,0,11,1,1,0,0,7,0,42,0
5015,20,0,42,0,12,1,1,1,0,7,0,484,0
5166,21,1,53,0,5,1,1,1,0,6,1,482,0
5166,6,0,52,0,5,1,2,1,0,7,1,422,0
5371,98,1,31,0,12,1,1,0,0,11,0,0,0
5612,2,0,34,1,12,1,5,1,0,6,0,465,0
2079,26,1,27,0,9,0,4,0,1,1,1,226,0
2079,8,0,26,0,9,0,7,0,1,3,1,174,0
2079,26,0,39,0,9,0,2,0,1,1,1,141,0
2566,78,1,24,0,12,0,1,0,0,1,1,532,0
2566,4,0,52,0,12,0,1,0,0,1.5,1,419,0
6152,33,0,46,1,13,1,1,1,0,7,0,317,0
5677,11,0,28,1,11,1,2,1,0,9.5,0,348,0
6532,12,0,27,0,12,0,5,1,1,7,0,903,1
6532,1,0,26,0,12,0,5,1,1,7,0,578,1
6150,260,0,37,1,12,1,4,0,0,7,0,645,0
6150,30,1,36,1,12,1,6,0,0,7,0,0,0
5913,10,0,29,0,12,0,6,1,1,7,1,1232,1
6797,3,0,35,0,10,1,4,0,1,12,0,320,0
6797,2,0,33,0,10,1,4,0,1,5,0,421,0
2222,12,0,39,0,10,0,2,0,1,7,1,1300,0
6072,4,0,37,0,12,1,1,0,0,9.5,1,438,0
5282,6,0,21,1,12,1,2,0,0,5,0,455,0
5565,2,0,59,0,4,1,4,1,1,7,1,460,0
6499,12,0,59,0,10,1,2,0,1,11,0,769,0
6499,9,0,58,0,10,1,3,1,1,7,0,750,0
5960,2,0,44,0,11,1,5,1,1,13,0,745,0
5343,4,0,29,0,16,1,4,1,0,7,0,790,0
5073,2,0,31,0,12,1,5,1,1,13,1,1267,1
5963,1,0,63,0,10,1,2,1,1,9.5,1,223,0
6651,31,1,25,0,13,1,1,1,0,12,0,550,0
1980,5,0,50,0,8,1,2,0,1,5,1,288,0
5378,39,1,63,0,10,1,2,1,1,13,1,485,1
2101,16,0,23,0,9,0,3,1,0,11,0,194,0
6418,4,0,31,0,12,1,4,0,1,5,1,226,0
6582,8,0,38,0,8,1,6,1,1,5,0,254,1
5243,26,0,31,0,11,1,2,0,0,7,0,872,0
5235,22,0,28,0,12,0,3,1,1,7,0,557,1
709,9,0,50,0,12,0,3,1,1,13,1,1016,0
709,8,0,49,0,12,0,3,1,1,13,1,748,0
5117,15,0,41,0,17,0,2,1,0,5,1,1016,0
2657,3,0,55,0,12,0,5,1,1,11,1,1314,0
6829,13,1,29,0,12,1,1,1,0,8,0,355,0
6829,1,0,28,0,12,1,1,1,0,9.5,0,348,0
1916,26,0,41,1,11,0,4,0,0,12,1,339,0
6706,13,1,23,0,11,1,6,1,1,8,0,539,0
565,20,0,20,0,11,0,3,1,0,5,0,356,0
1427,6,0,27,0,12,0,4,1,1,7,1,755,0
1260,1,0,22,0,12,0,2,1,1,7,0,713,1
6820,8,0,45,1,10,1,2,1,0,6,0,862,0
6820,62,1,27,1,10,1,3,0,0,6,0,0,0
2678,7,0,23,1,14,0,1,1,0,10,0,852,0
2799,23,1,24,1,12,0,2,1,0,7,0,331,0
1376,1,0,25,0,11,0,4,0,1,5,0,603,0
18,4,0,28,0,12,0,3,1,0,11,0,1132,0
5072,8,0,54,0,12,1,2,1,1,12,0,1283,0
5072,5,0,53,0,12,1,2,1,1,13,0,1228,1
5067,98,1,44,0,12,1,9,0,1,12,1,0,1
5070,39,1,27,0,11,1,2,1,0,12,0,136,0
5070,35,1,26,0,11,1,2,1,1,13,0,404,0
6023,39,0,56,1,14,1,3,1,0,9,0,502,0
6023,42,1,55,1,14,1,3,1,0,7,0,667,0
6024,26,1,26,1,12,1,2,0,0,9,0,256,0
6171,20,0,23,0,12,1,1,1,0,11,0,938,0
6171,69,0,22,0,12,1,1,1,0,7,0,0,0
5866,17,0,26,0,7,1,1,1,0,11,0,576,0
5836,4,0,28,0,12,1,5,1,1,5,1,277,1
2469,6,0,25,0,12,0,2,0,1,7,1,591,1
1125,3,0,20,0,12,0,2,1,1,7,1,408,1
5462,24,0,25,1,12,1,2,0,0,5,0,229,0
1335,16,1,23,0,12,0,3,1,1,4,1,888,0
1335,3,0,22,0,12,0,2,1,1,5,1,1026,0
1700,2,0,51,0,9,0,2,1,1,8,1,459,1
6171,1,0,40,0,12,1,3,1,1,7,1,1316,0
1700,2,0,31,0,12,0,5,1,1,8,0,548,1
1700,3,0,30,0,12,0,5,1,1,9.5,0,1471,1
546,8,0,22,0,12,0,1,1,0,8,0,694,0
2678,2,0,29,0,12,0,4,1,1,7,0,935,0
5066,8,0,42,0,11,1,1,1,0,12,0,1267,0
1810,12,0,29,0,12,1,5,1,1,7,0,922,1
5477,52,1,25,0,12,1,1,0,0,9,0,250,0
6172,3,0,27,1,11,1,1,0,0,7,0,278,0
5055,24,0,38,0,11,1,1,1,0,13,0,494,0
1572,5,0,47,0,12,1,8,1,1,9,1,1241,1
1572,2,0,46,0,12,1,7,1,1,7,1,856,1
5613,18,1,26,0,12,1,3,1,1,6,1,417,0
5549,4,0,24,0,12,1,1,0,0,7,0,321,0
2634,6,0,26,0,12,0,3,1,1,11,0,710,0
2634,52,0,25,0,12,0,3,1,1,11,0,1195,0
1786,26,0,33,0,12,0,3,0,1,3,0,769,0
1786,4,0,33,0,12,0,3,0,1,3,0,278,0
5663,52,1,27,1,9,1,4,0,0,12,0,143,0
1399,18,0,24,0,12,0,2,1,0,7,0,2236,0
6030,2,0,32,0,12,1,4,1,1,7,1,767,1
2418,20,0,36,0,12,0,5,1,1,10,0,699,1
2418,26,0,35,0,12,0,5,1,1,9.5,0,810,1
1345,11,0,20,0,12,0,2,0,0,5,0,694,0
5615,26,1,37,0,12,1,3,0,1,7,1,240,1
6007,13,0,27,0,12,0,3,1,1,3,0,597,1
762,3,0,43,0,9,0,4,1,1,13,1,1361,1
1762,26,0,25,0,12,0,3,1,1,12,0,451,1
1762,37,0,24,0,12,0,3,1,1,9.5,0,499,1
6740,4,0,36,1,9,1,5,0,0,9.5,1,328,0
1451,17,1,21,0,12,0,2,1,1,8,0,353,0
2429,2,0,47,0,12,0,4,1,1,12,1,566,0
2429,13,0,25,0,12,0,3,1,1,12,0,705,1
2429,8,0,24,0,12,0,3,1,1,9.5,0,595,1
1720,17,1,24,0,12,0,4,1,1,7,0,1056,0
5097,26,0,32,0,14,0,4,1,1,5,1,1224,1
5549,26,0,48,0,8,1,5,0,1,11,0,242,1
6171,16,1,28,0,14,1,1,1,0,11,0,537,0
6171,29,0,27,0,14,1,1,1,0,7,0,921,0
5664,20,0,38,0,10,1,7,1,1,12,1,900,0
5520,14,1,39,0,10,1,1,0,0,9,0,538,0
1099,2,0,47,0,6,0,2,1,1,7,0,915,0
1268,2,0,52,0,12,0,3,1,1,5,1,462,1
1756,2,0,23,0,12,0,1,1,0,11,0,285,0
1756,24,0,24,0,12,0,4,0,1,7,0,2188,0
297,8,0,53,0,8,1,2,1,1,9,1,293,0
6172,1,0,25,0,14,1,2,1,1,6,1,709,1
6416,30,0,49,0,12,0,1,1,0,5,1,652,0
297,8,0,23,0,8,1,2,1,0,8,0,349,0
2634,1,0,29,0,16,0,2,0,1,11,0,893,0
5143,13,0,51,1,11,1,3,1,0,5,1,215,0
5365,4,0,40,0,12,1,4,0,1,7,1,238,1
952,30,0,56,0,12,0,2,1,1,5,1,1400,0
1088,13,0,32,0,13,0,5,1,1,5,1,1111,0
6228,2,0,34,1,11,1,2,0,0,7,0,443,0
2292,2,0,44,0,9,0,6,1,1,9,1,1022,1
2292,3,0,43,0,9,0,6,1,1,7,1,866,1
2411,17,0,36,0,9,0,6,1,1,9,1,1038,1
2411,4,0,35,0,9,0,6,1,1,7,1,990,1
5478,6,0,56,0,8,1,3,1,1,13,1,1500,0
5964,1,0,59,0,4,1,3,1,1,7,1,564,0
608,10,0,20,0,12,0,1,1,0,7,0,248,0
608,4,0,53,0,12,0,1,1,1,7,1,153,1
2801,5,0,29,0,12,0,4,1,1,5,1,924,1
2615,2,0,40,0,12,0,6,0,1,7,1,1297,0
1164,24,0,20,0,12,0,2,0,1,5,0,803,0
6100,6,0,56,0,7,1,2,1,1,6,1,1098,0
6100,4,0,55,0,7,1,2,1,1,5,1,962,0
355,1,0,54,0,8,0,2,1,1,11,1,1799,1
355,1,0,53,0,8,0,2,1,1,7,1,1432,1
6824,48,1,24,1,12,1,2,1,0,5,0,1563,0
6801,1,0,27,0,8,1,3,0,1,10,0,255,0
6801,2,0,62,0,8,1,2,0,1,9.5,0,720,0
6801,2,0,34,0,7,1,5,0,1,10,0,294,0
2009,13,0,54,0,9,1,2,0,1,9,1,141,1
833,6,0,24,0,12,0,2,1,1,9.5,1,543,1
1460,6,0,44,0,14,0,6,1,1,10,1,1645,0
1460,5,0,43,0,14,0,7,1,1,7,1,1259,0
1064,12,0,39,0,17,0,5,0,1,7,1,721,1
5475,12,0,23,0,9,1,1,0,0,5,0,161,0
1399,8,0,51,0,12,0,2,1,1,9,1,2923,0
5119,39,0,36,0,12,0,4,1,1,9,1,430,1
5119,8,0,35,0,12,0,4,1,1,7,1,836,1
2788,5,0,29,0,12,0,4,1,1,12,1,1066,1
2788,6,0,28,0,12,0,4,1,1,13,1,1014,1
986,15,0,37,0,12,1,1,0,0,7,0,700,0
5780,15,0,21,1,13,1,1,1,0,9,0,657,0
5315,1,0,28,1,11,1,3,1,1,7,0,392,1
5133,3,0,22,1,12,1,2,0,0,9,0,252,0
639,1,0,39,0,14,0,3,1,1,12,1,588,1
639,2,0,38,0,14,0,3,1,1,7,1,526,1
5375,17,1,36,0,12,1,3,1,1,9,0,1042,1
5173,21,1,34,0,12,0,6,0,1,9.5,1,361,0
2288,4,0,23,0,12,0,2,0,1,5,1,178,1
5435,3,0,52,0,8,0,1,0,0,9,0,611,0
6037,30,0,28,0,12,0,3,1,1,12,1,1755,0
5526,16,0,30,0,14,1,2,0,1,3,0,1382,1
6071,4,0,26,0,17,1,1,0,0,5,0,475,0
5960,1,0,38,0,9,1,4,1,1,7,1,455,1
5274,8,0,40,0,10,1,5,0,1,5,1,845,1
13,4,0,52,0,11,0,2,1,1,12,1,637,1
13,14,0,51,0,11,0,2,1,1,7,1,774,1
6468,12,0,24,0,11,0,3,1,1,9,0,1593,1
6468,2,0,24,0,11,0,2,1,1,7,0,914,1
2177,6,0,30,0,13,0,4,1,1,6,1,763,1
2336,18,0,35,0,12,0,4,0,1,8,1,210,0
5023,26,1,25,0,12,0,3,1,1,7,0,979,0
5449,4,0,28,0,11,1,5,1,1,5,1,458,1
2801,18,0,25,0,12,0,3,1,1,7,1,744,1
6748,1,0,32,0,10,1,6,1,1,11,1,912,0
5290,2,0,32,0,12,1,1,0,0,7,0,723,0
5290,24,1,24,0,11,1,4,1,1,7,1,86,1
6196,30,1,26,0,10,0,2,1,1,7,1,121,0
6196,13,0,25,0,10,0,2,1,1,7,1,796,0
2699,27,0,33,0,12,0,1,1,1,7,0,1642,1
6346,13,0,26,0,11,1,5,0,1,7,0,406,0
6346,52,1,25,0,11,1,5,1,1,7,0,846,0
6196,22,1,25,0,12,0,2,1,1,7,0,1046,0
1845,16,0,20,1,12,0,1,0,0,7,0,289,0
5191,50,0,52,1,12,1,2,1,0,5,0,459,0
1786,24,0,27,0,12,0,4,1,1,3,0,496,1
2436,2,0,20,0,12,0,1,0,0,3,0,700,0
6502,52,1,37,0,9,1,9,1,1,11,0,577,1
2655,8,0,51,0,12,0,5,1,1,11,0,2298,0
1399,13,0,25,0,12,0,1,0,0,9,1,2653,0
6115,98,1,26,1,11,1,3,0,0,11,0,0,0
5789,9,0,29,0,13,0,4,1,1,4,1,1193,1
880,1,0,26,0,12,0,1,1,0,13,1,399,0
6475,78,1,26,1,12,1,1,0,0,7,0,100,0
6262,26,1,26,0,12,1,1,1,0,8,0,390,0
5801,98,1,24,0,11,1,4,1,1,8,0,101,0
1577,9,0,39,0,13,0,5,0,1,7,1,612,0
5501,98,1,28,0,12,1,1,0,0,7,0,300,0
5107,10,0,27,0,13,1,1,0,0,6,0,685,0
1152,13,0,34,1,15,0,4,0,0,9,0,1084,0
2429,4,0,24,0,12,0,4,1,1,12,1,688,1
2429,43,0,23,0,12,0,4,1,1,9.5,1,642,1
6639,25,0,28,1,12,1,2,1,0,11,0,2353,0
6639,2,0,27,1,12,1,2,1,0,7,0,1302,0
798,20,1,37,0,16,0,2,0,1,9,0,775,1
798,24,1,30,0,16,0,2,0,1,7,0,313,1
5477,22,0,27,0,12,1,5,1,1,9,1,645,1
1045,22,1,34,1,13,0,2,1,0,10,1,545,0
6843,22,0,26,0,12,1,4,0,1,7,0,208,0
6843,3,0,46,1,11,1,2,0,0,6,0,266,0
2224,13,0,60,0,13,0,2,1,1,8,1,1111,0
5097,4,0,27,0,14,0,3,1,1,7,0,567,1
6779,4,0,29,0,12,1,4,0,1,7,0,2016,0
263,2,0,28,0,12,0,3,1,1,11,1,1142,0
263,1,0,27,0,12,0,3,1,1,11,1,918,0
6354,21,1,47,0,8,1,5,1,1,7,1,371,1
6071,19,1,34,0,12,1,2,0,1,4,0,311,0
709,40,0,20,0,12,0,2,1,1,9.5,0,314,0
633,2,0,21,1,12,0,1,1,0,12,0,352,0
6040,8,0,44,0,12,1,1,0,0,7,0,247,0
5897,1,0,23,1,13,1,1,0,0,7,0,545,0
5817,22,1,30,0,12,1,3,0,1,7,0,541,1
5817,12,0,29,0,12,1,3,0,1,7,0,372,1
13,2,0,32,0,12,0,3,1,1,12,1,1318,0
6672,26,0,29,1,11,1,5,1,0,5,0,192,0
5605,17,1,29,0,10,0,4,1,1,7,0,449,0
1275,19,0,54,0,16,0,4,1,1,5,1,592,1
1165,30,0,23,0,10,0,4,1,1,4,1,1050,0
6092,24,0,35,0,14,1,5,1,1,3,1,1603,0
6639,2,0,57,0,8,1,5,1,1,11,0,1522,0
1118,12,0,37,0,12,0,5,0,1,5,0,1667,0
2282,3,0,55,0,16,0,8,0,1,11,1,360,0
2003,10,0,33,0,14,0,5,1,1,9.5,1,821,0
6171,2,0,26,0,13,1,2,1,0,7,0,1244,0
5351,3,0,24,0,11,0,2,0,0,9,0,222,0
1951,3,0,57,0,8,0,2,1,1,9,0,598,0
1951,21,1,56,0,8,0,2,1,1,9.5,0,656,0
5126,65,1,23,1,12,1,1,0,0,3,0,390,0
6370,62,1,49,1,11,1,3,0,0,9,0,0,0
6370,52,1,24,0,11,1,1,0,0,9,0,424,0
5366,13,0,23,0,12,1,4,1,1,6,0,478,1
5486,2,0,39,0,9,1,2,1,1,7,0,454,1
5392,21,1,27,1,12,1,2,0,0,7,0,848,0
6649,55,1,36,0,9,1,1,1,0,11,0,882,0
1915,98,1,23,0,12,1,1,0,0,12,0,150,0
2108,43,0,45,0,14,0,3,1,1,9,1,4904,1
2108,14,0,44,0,14,0,3,1,1,7,1,1955,1
5641,98,1,25,1,12,1,3,0,0,9,0,0,0
2752,9,0,52,0,12,0,2,0,1,5,0,218,0
180,9,0,28,0,12,0,1,1,0,5,0,1181,0
6413,13,0,23,1,12,1,1,1,0,7,0,219,0
443,22,0,20,0,9,0,4,0,1,11,0,472,0
931,2,0,31,0,12,0,4,1,1,7,0,984,1
1776,34,0,21,0,12,0,1,1,0,12,0,323,0
5366,2,0,31,0,12,1,6,0,1,6,0,727,1
6282,57,1,46,0,10,0,3,1,1,7,0,1400,0
5569,16,1,25,0,11,1,1,0,0,6,0,550,0
671,2,0,39,1,12,0,5,0,1,6,1,521,0
671,3,0,38,1,12,0,4,0,1,7,1,532,0
2635,1,0,25,1,12,0,1,1,0,5,0,581,0
6638,4,0,28,0,12,1,3,1,1,7,0,1193,1
819,5,0,24,0,17,0,2,0,1,5,0,1197,1
5054,20,1,22,0,12,1,2,1,1,12,0,1187,1
5054,39,0,22,0,12,1,2,1,1,13,0,872,1
5809,2,0,33,0,12,0,1,1,0,13,0,408,0
2788,8,0,24,0,12,0,2,1,1,12,1,1499,1
2788,28,0,23,0,12,0,2,1,1,13,1,938,1
1438,2,0,49,1,12,1,3,1,0,6,1,730,0
6386,2,0,33,0,12,0,4,1,1,7,1,1247,0
1570,12,0,24,0,12,1,3,1,1,9,0,700,1
2364,78,0,58,0,8,0,2,0,1,7,0,0,1
2364,9,0,57,0,8,0,3,1,1,7,0,217,1
2111,8,0,50,0,12,1,2,1,1,12,1,1155,0
2111,8,0,50,0,12,1,2,1,1,13,1,1220,1
5897,7,0,22,1,12,1,2,1,0,7,0,593,0
6392,6,0,23,0,12,1,4,1,1,5,0,659,0
6392,30,1,22,0,12,1,4,1,1,5,0,361,0
1038,42,1,33,1,11,0,3,1,0,10,0,725,0
1038,40,0,33,1,11,0,3,1,0,11,0,526,0
1695,2,0,31,0,12,0,4,0,1,5,0,1197,0
5958,2,0,34,1,9,1,5,1,0,6,1,802,0
5958,1,0,33,1,9,1,3,1,0,5,1,603,0
6537,37,1,28,0,10,1,2,1,0,5,0,382,0
6537,1,0,28,0,12,1,1,0,0,7,0,287,0
1233,2,0,23,0,12,0,1,1,0,7,0,380,0
5292,19,1,45,1,7,1,3,1,0,6,0,197,0
2627,2,0,42,0,13,0,3,0,1,7,1,1596,1
6255,1,0,37,0,8,0,5,1,1,5,1,542,1
6862,12,1,25,0,14,1,3,0,0,7,0,375,0
5810,3,0,26,1,15,0,1,0,0,11,0,711,0
6389,4,0,26,0,13,1,1,0,0,5,0,1123,0
2176,25,1,49,0,9,0,4,0,1,5,0,417,0
2505,1,0,47,0,9,0,1,1,0,7,0,1030,0
6182,22,1,44,0,12,1,2,0,1,5,0,303,0
6413,17,0,30,0,12,1,3,1,1,7,0,310,1
5813,1,0,49,0,5,1,2,1,1,7,1,441,0
6289,2,0,24,1,12,0,3,1,0,11,0,521,0
6289,2,0,23,1,12,0,3,1,1,7,0,476,1
6203,30,0,24,0,12,1,4,1,0,9,0,407,0
5925,5,0,22,0,9,1,3,0,1,7,0,392,0
6767,47,1,27,1,12,1,3,1,0,7,0,964,0
6450,22,1,62,0,6,1,4,1,1,7,0,1201,0
2921,15,0,36,0,12,1,5,1,1,8,1,1081,1
2921,36,0,35,0,12,1,5,1,1,7,1,563,1
6305,3,0,52,0,6,1,5,0,1,6,1,395,1
2409,3,0,29,0,12,0,3,1,1,9,1,1250,0
2409,3,0,28,0,12,0,3,1,1,7,1,1196,0
5542,35,0,25,0,12,1,1,0,0,7,0,265,0
2199,5,0,36,0,17,0,6,1,1,9.5,0,919,1
2199,36,0,28,0,12,0,5,1,1,11,1,865,0
2199,26,0,27,0,12,0,5,1,1,9.5,1,1346,1
2273,4,0,24,0,14,0,1,1,0,10,0,794,0
2273,10,0,23,0,14,0,1,1,0,9.5,0,558,0
6193,2,0,37,0,12,1,6,0,1,7,1,1750,0
6444,2,0,21,0,12,1,4,0,1,5,1,705,1
5642,1,0,25,0,12,1,3,0,1,5,1,603,1
5821,27,0,27,0,12,1,2,1,0,7,0,534,0
5821,1,0,26,0,12,1,1,1,0,7,0,512,0
5182,24,0,27,0,12,1,4,1,1,9,1,728,0
5182,12,0,26,0,12,1,4,1,1,7,1,476,0
846,15,0,27,0,12,1,4,0,1,6,1,1698,0
846,6,0,25,0,12,1,4,0,1,5,1,730,0
6629,1,0,41,0,12,0,7,0,1,7,0,313,0
5655,35,1,27,0,11,1,3,1,1,5,0,316,0
6049,2,0,27,0,11,0,1,0,0,7,0,518,0
2576,15,0,53,0,12,0,2,1,1,10,1,844,0
6863,78,1,47,1,12,1,3,0,0,5,0,0,0
5655,17,0,30,0,11,1,3,1,1,7,0,594,0
5655,4,0,29,0,11,1,4,1,1,5,0,344,1
1795,11,0,24,1,13,0,1,1,0,7,1,446,0
6108,4,0,25,0,14,1,1,0,0,5,0,277,0
5010,35,1,52,1,8,1,3,1,0,8,0,328,0
5916,35,1,25,0,12,1,3,1,1,9,0,774,0
5655,9,0,24,0,9,1,1,1,0,5,0,321,0
5798,1,0,28,0,12,0,4,0,1,6,0,803,0
2831,1,0,27,0,10,0,2,1,1,4,1,1059,1
2831,1,0,26,0,10,0,4,1,1,3,1,1011,1
2614,3,0,32,0,12,0,6,1,1,7,1,671,0
217,26,0,24,0,11,1,4,1,1,7,0,853,0
6040,52,1,26,1,12,1,2,0,0,7,0,78,0
5858,3,0,26,0,10,1,5,1,1,7,0,547,0
6765,17,0,45,0,9,1,5,0,1,7,1,210,1
6845,2,0,24,1,12,1,3,0,0,6,0,520,0
5085,20,0,33,0,15,1,1,1,0,7,0,415,0
2146,10,0,60,1,9,0,1,1,0,9.5,1,364,0
2145,4,0,32,0,15,0,2,1,1,7,0,617,1
1192,13,0,25,0,12,0,2,1,1,5,0,571,1
1192,4,0,22,0,12,0,2,1,1,5,0,597,1
6829,4,0,28,0,11,1,4,0,0,11,0,496,0
2201,4,0,39,0,12,0,1,1,0,11,0,667,0
1342,20,0,29,0,12,0,3,1,1,11,1,922,0
1342,12,0,26,0,12,0,3,1,1,9.5,1,283,0
6736,14,0,40,1,11,1,1,1,0,7,1,307,0
2704,4,0,50,0,12,0,2,1,1,8,1,1108,1
5750,5,0,25,0,12,1,1,0,0,9,0,709,0
5750,24,0,24,0,12,1,1,0,0,7,0,1068,0
699,52,1,38,0,12,0,7,1,1,11,0,855,1
699,3,0,37,0,12,0,7,1,1,11,0,1090,1
1358,1,0,41,0,7,0,3,1,1,9,1,483,0
1358,1,0,40,0,7,0,4,1,1,9.5,1,547,0
1419,8,0,32,0,16,0,4,0,1,3,1,1258,0
5987,26,1,29,1,14,1,3,1,0,9,0,796,0
6166,4,0,35,0,9,1,5,1,1,9.5,0,575,1
2157,29,1,31,1,9,1,7,1,0,11,1,427,0
6455,13,1,52,0,4,1,3,0,1,5,1,584,1
6354,5,0,25,0,12,1,3,0,1,5,1,917,1
6354,8,0,24,0,12,1,3,1,1,7,1,974,1
686,4,0,33,0,6,0,3,1,1,4,0,468,1
686,15,0,32,0,6,0,3,1,1,3,0,470,1
6752,2,0,54,1,8,1,1,1,0,11,1,446,0
6752,2,0,54,1,8,1,1,1,0,7,1,422,0
6392,13,0,32,0,13,1,5,0,1,5,1,910,0
5366,67,1,58,0,7,1,1,1,1,7,0,369,0
2422,1,0,30,0,12,0,6,1,1,12,1,910,0
6826,4,0,25,0,12,1,1,1,0,6,0,985,0
1037,2,0,28,0,14,0,4,0,1,5,1,840,1
419,2,0,30,0,10,1,5,1,1,5,0,567,0
1406,17,1,53,0,8,0,2,1,1,11,1,1751,0
704,10,0,53,0,14,0,3,1,1,11,1,977,0
704,1,0,52,0,14,0,3,1,1,9.5,1,885,0
5826,3,0,23,0,12,1,1,1,0,5,1,424,0
5550,16,0,48,0,13,1,5,1,1,13,1,1397,1
5052,98,1,23,0,9,1,7,0,1,12,0,0,0
5071,3,0,39,0,14,1,5,1,1,12,1,1371,1
5071,3,0,38,0,14,1,5,1,1,13,1,773,1
5395,98,1,27,0,11,1,3,0,1,12,0,0,1
5823,1,0,40,0,12,0,4,0,1,5,1,703,1
1314,8,0,40,0,12,0,4,1,1,9,1,1226,1
1314,12,0,40,0,12,0,4,1,1,11,1,563,1
649,1,0,36,0,14,0,5,1,1,11,1,1442,0
1803,6,0,39,0,12,1,5,0,1,7,1,979,1
1048,40,0,28,0,12,0,3,1,1,3,0,470,1
1225,1,0,31,0,16,0,3,0,1,7,1,588,0
5521,9,0,29,0,12,1,4,1,1,9,0,962,1
5063,3,0,30,0,12,1,1,1,0,12,0,1082,0
5063,6,0,31,0,13,1,8,0,1,12,1,493,0
6519,8,0,26,1,12,1,3,1,0,11,0,534,0
1109,26,1,29,0,10,0,2,1,1,6,1,710,0
1109,18,0,28,0,10,0,2,1,1,5,1,1105,1
6284,15,0,22,1,13,1,3,1,0,5,0,308,0
5182,1,0,29,0,12,1,4,0,1,9,1,720,1
6424,26,0,31,0,12,0,5,1,1,7,0,1563,0
6424,26,0,31,0,12,0,5,1,1,7,0,817,0
5959,52,1,30,1,12,1,3,0,0,9.5,1,0,0
6071,43,0,24,0,12,1,1,0,0,9.5,0,476,0
5442,2,0,33,0,8,1,6,1,1,11,1,599,0
5442,1,0,32,0,8,1,6,1,1,11,1,578,0
5440,8,0,35,0,8,1,5,0,1,8,1,518,0
5107,67,0,26,0,12,1,3,1,1,6,0,473,0
5107,31,1,26,0,12,1,3,1,1,5,0,1250,1
6261,39,1,30,0,12,1,1,0,0,8,0,176,0
5579,8,0,52,0,11,0,3,1,1,6,1,889,1
5579,26,0,51,0,11,0,3,1,1,5,1,913,1
1799,26,1,23,0,10,1,3,0,1,4,0,678,1
1799,4,0,22,0,10,1,4,0,1,3,0,442,1
2540,2,0,32,0,9,0,4,0,1,7,1,663,1
364,2,0,22,0,13,0,1,1,0,9,1,912,0
364,4,0,21,0,13,0,1,1,0,7,1,574,0
5911,8,0,46,0,8,1,1,0,0,3,0,601,0
5235,15,0,27,0,12,0,2,0,1,7,1,1531,1
5935,8,0,39,0,6,1,3,0,1,7,1,537,1
2676,9,0,35,0,13,0,2,1,0,7,0,3599,0
297,13,0,26,1,11,1,4,1,0,7,0,609,0
5869,12,0,29,0,12,0,4,0,1,7,0,1652,0
6358,8,0,51,0,11,1,2,0,1,7,1,581,1
1256,3,0,25,0,13,0,1,1,0,7,0,851,0
2614,2,0,35,0,16,0,5,1,1,11,1,1179,1
6605,8,0,25,0,11,1,3,0,1,7,0,472,1
6647,13,0,54,0,12,1,1,0,0,5,1,439,0
6588,18,1,57,0,5,1,2,0,1,8,1,102,1
5332,9,0,22,0,12,1,3,0,1,6,0,773,1
1880,28,0,24,0,11,0,5,1,1,13,1,1042,0
6125,4,0,26,0,12,1,1,1,0,9.5,1,315,0
6176,35,0,48,0,16,0,1,1,0,9,0,768,0
6176,20,0,47,0,16,0,1,1,0,7,0,864,0
6125,4,0,32,0,12,1,1,0,0,9.5,0,428,0
6349,26,1,24,0,11,1,3,0,0,7,0,500,0
6484,17,1,24,1,14,1,1,1,0,7,0,323,0
2591,34,1,25,0,12,0,2,1,1,7,1,832,0
6413,4,0,34,0,12,1,6,1,1,7,1,599,1
5913,2,0,27,0,12,0,5,1,1,7,0,989,1
6362,8,0,20,0,11,0,3,1,1,7,0,305,0
5835,12,0,28,1,12,1,5,0,0,5,0,1030,0
5977,9,1,24,0,14,1,1,0,0,5,0,125,0
1192,20,0,26,0,12,0,3,1,1,5,0,690,1
6387,22,0,40,0,12,0,4,1,1,6,1,1495,0
6387,16,0,39,0,12,0,5,1,1,7,1,1083,0
2224,4,0,29,0,12,0,4,0,0,5,0,995,0
1210,26,0,25,0,14,0,1,1,0,9,0,1048,0
6507,66,0,22,1,11,1,3,1,0,7,0,0,0
6262,12,0,28,0,12,1,1,1,0,7,0,449,0
633,9,0,34,0,13,0,1,1,0,9.5,0,255,0
5395,98,1,27,0,10,1,1,0,0,12,0,893,0
6779,4,0,22,0,11,1,1,0,0,7,0,792,0
6292,3,0,41,0,14,0,4,1,1,8,1,1728,1
6292,2,0,40,0,14,0,5,1,1,7,1,1078,1
875,12,0,35,0,14,0,4,1,1,5,1,1132,1
2292,26,0,21,0,10,0,1,1,1,7,0,842,1
308,3,0,34,0,15,0,6,0,1,8,1,846,0
6738,4,0,33,0,9,1,2,0,1,9.5,1,321,0
6738,16,0,33,0,12,1,9,1,1,9.5,1,656,1
6229,9,0,23,0,12,1,2,0,0,9,0,501,0
1638,61,1,30,0,10,0,4,1,1,14,1,1300,1
1638,5,0,29,0,10,0,4,1,1,13,1,944,1
1342,1,0,56,0,10,0,2,1,1,11,1,1385,0
1342,3,0,55,0,10,0,2,1,1,9.5,1,873,0
2490,13,0,34,0,11,0,5,1,1,11,1,1554,1
2490,2,0,33,0,11,0,5,1,1,9.5,1,1276,1
5768,35,1,55,1,10,1,1,1,0,9,0,188,0
5543,12,0,55,0,10,0,1,0,0,5,0,1222,0
5541,20,0,24,1,11,1,1,0,0,5,0,460,0
5420,1,0,32,1,12,0,4,1,0,11,1,298,0
5656,7,0,25,0,11,1,3,0,1,7,0,1395,0
5656,8,0,24,0,11,1,3,0,1,5,0,550,1
1797,3,0,46,0,6,1,2,1,1,4,1,1033,0
5174,52,1,33,0,9,0,3,1,1,8,1,668,1
5174,10,0,32,0,9,0,3,1,1,9.5,1,1266,1
6228,30,0,26,0,17,1,1,1,0,9,0,435,0
6228,16,0,25,0,17,1,1,1,0,7,0,1319,0
5998,61,1,22,0,13,1,1,0,0,6,0,218,0
5998,8,0,21,0,13,1,1,0,0,5,0,545,0
5177,1,0,28,0,12,1,1,1,0,7,0,290,0
5498,12,0,21,0,11,1,3,1,1,7,0,417,1
6546,1,0,46,0,5,1,4,0,1,7,1,540,1
6633,8,0,59,0,6,1,2,0,1,7,0,674,1
126,11,0,41,0,12,0,3,1,1,15,1,381,1
126,7,0,40,0,12,0,3,1,1,11,1,479,1
2680,22,0,49,0,12,0,3,1,1,8,1,779,1
2680,3,0,48,0,12,0,3,1,1,7,1,569,1
2539,10,0,23,0,14,0,2,1,1,7,1,938,1
5002,21,0,26,1,12,0,2,1,0,7,0,332,0
5325,1,0,49,0,12,1,6,1,1,12,1,1214,1
5325,1,0,48,0,12,1,5,1,1,13,1,1218,1
1107,1,0,29,0,12,0,2,0,1,9,1,1089,1
1107,1,0,28,0,12,0,2,0,1,7,1,1177,1
5130,8,0,28,0,14,1,2,0,1,7,1,1728,1
1505,8,0,27,1,17,0,1,0,0,9,0,886,0
6362,3,0,26,0,12,0,2,1,1,6,1,1173,1
6362,2,0,44,0,12,0,2,1,1,7,1,1045,1
5494,17,0,22,0,10,1,1,0,0,12,0,494,0
5077,8,0,25,0,12,0,2,1,1,7,0,1089,1
5077,1,0,24,0,12,0,2,1,1,7,0,729,1
1406,2,0,32,0,12,0,4,1,1,11,1,1813,1
2852,1,0,27,0,13,0,6,1,1,14,1,1452,0
6055,17,0,33,0,17,1,1,1,0,9,0,1586,0
6055,16,0,31,0,17,1,1,1,0,7,0,551,0
6455,17,1,22,1,12,1,3,0,0,5,0,179,0
2661,8,0,31,0,12,0,5,1,1,9.5,0,879,0
6340,17,0,36,0,12,0,7,0,1,10,1,378,1
6327,3,0,29,0,9,1,2,0,1,5,1,625,0
5747,2,0,35,1,12,0,1,0,0,7,0,344,0
1994,2,0,48,0,12,1,3,1,1,13,1,1159,0
2593,98,1,41,0,15,1,1,0,0,8,1,747,0
5349,2,0,40,0,9,1,1,0,0,3,0,187,0
6589,52,1,20,0,10,1,4,1,1,8,0,188,1
6589,17,0,31,0,11,1,6,0,1,9,1,647,1
6589,8,0,30,0,11,1,6,1,1,7,1,574,1
840,1,0,32,0,12,1,1,1,0,5,0,518,0
6861,60,1,60,0,11,1,1,0,0,7,1,2020,0
5537,3,0,24,0,12,1,3,1,1,5,0,426,1
6606,52,1,42,0,9,1,1,1,0,7,0,200,0
6262,43,0,27,0,14,1,1,1,1,7,0,1000,1
5518,2,0,48,0,3,1,6,0,1,7,1,732,0
6814,20,0,31,0,12,1,2,1,0,9.5,0,465,0
6815,2,0,32,0,12,1,5,1,1,10,0,930,0
6815,26,0,31,0,12,1,5,1,1,7,0,1220,0
6028,20,0,26,1,10,1,3,1,0,7,0,338,0
5463,22,0,25,0,14,1,4,1,1,10,0,1341,0
6401,24,0,29,0,12,0,3,0,1,7,0,742,1
1222,6,0,40,0,12,0,8,1,1,3,1,549,1
2114,1,0,32,1,12,0,2,0,0,7,0,198,0
5626,1,0,28,0,10,1,4,1,1,5,0,450,1
5404,208,0,32,0,11,1,4,1,1,5,0,0,1
5434,8,0,24,0,14,0,2,1,1,5,0,541,1
5032,104,0,40,1,12,0,3,0,0,4,1,239,0
5032,78,1,39,1,12,0,3,1,1,3,1,0,0
2620,3,0,32,0,13,0,1,1,0,5,1,853,0
2620,6,0,31,0,13,0,1,1,0,7,1,710,0
2302,2,0,26,0,12,0,5,1,1,11,1,448,1
490,4,0,28,0,12,0,4,0,1,5,0,524,1
6287,2,0,24,0,12,1,4,1,1,5,0,589,0
6287,38,0,27,0,10,1,4,1,1,8,0,714,0
6287,1,0,26,0,10,1,3,1,1,7,0,660,1
976,1,0,31,0,11,0,3,0,1,7,1,242,1
6569,39,0,21,0,7,1,1,0,0,7,0,436,0
6569,2,0,20,0,7,1,1,0,0,5,0,291,0
5087,6,0,21,1,12,0,1,1,0,7,0,528,0
5051,6,0,33,0,14,1,5,1,1,12,1,1824,0
5051,2,0,32,0,14,1,5,1,1,13,1,1330,0
5019,18,0,38,0,16,0,3,0,1,5,1,1333,1
2875,10,0,33,0,8,1,1,1,0,10,0,293,0
2875,10,0,32,0,8,1,2,1,0,11,0,359,0
1571,14,1,28,1,12,1,3,0,0,7,0,461,0
5874,30,1,26,0,12,1,1,0,0,9,0,1160,0
5861,99,0,32,1,9,1,4,1,0,5,0,933,0
5863,2,0,35,0,9,1,4,0,1,7,0,379,0
5863,16,0,34,0,9,1,4,0,1,5,0,190,1
5668,17,0,22,0,10,0,3,0,0,10,0,410,0
5656,12,0,46,1,8,1,3,0,0,5,1,419,0
6028,26,0,25,0,10,1,5,0,1,7,0,231,0
5182,3,0,55,0,5,1,3,0,1,7,1,333,1
5541,32,0,24,0,10,1,3,0,1,7,0,371,1
1906,8,0,31,0,16,0,3,0,1,13,1,1337,0
6281,43,1,50,0,10,1,1,0,0,5,1,479,0
5054,4,0,54,0,8,1,3,1,1,12,1,917,0
5054,4,0,53,0,8,1,3,1,1,13,1,1139,0
6154,6,0,26,1,12,1,3,0,0,7,0,465,0
5619,2,0,21,1,12,1,2,0,0,5,0,375,0
6569,26,0,25,0,9,1,4,1,1,7,0,67,0
6569,13,1,24,0,9,1,4,1,1,5,0,188,0
6685,4,0,29,1,12,1,1,1,0,7,0,556,0
5342,26,1,29,0,12,1,1,0,0,12,0,0,0
6278,4,0,22,0,13,1,4,1,1,5,1,625,1
5839,26,0,26,0,12,1,3,1,1,7,0,543,1
5622,10,0,48,1,7,1,4,0,0,5,0,480,0
6110,6,0,28,0,9,1,4,0,1,5,0,326,0
6107,21,0,20,1,9,1,2,0,0,7,0,57,0
6847,40,0,31,0,9,1,4,1,0,6,0,1476,0
508,45,0,40,0,16,0,5,1,1,7,1,4112,1
6030,30,0,30,0,12,1,3,1,1,7,0,318,1
6030,1,0,29,0,12,1,3,1,1,7,0,278,1
2704,20,0,24,1,12,0,1,1,0,7,0,1134,0
5542,20,0,29,1,12,1,1,1,0,5,0,1299,0
6788,98,1,30,1,11,1,2,0,0,7,0,0,0
6290,26,1,36,0,10,1,1,0,0,9,0,625,0
5539,73,0,30,1,10,1,4,0,0,7,0,0,0
6107,9,0,22,0,9,1,1,0,0,7,0,534,0
5628,34,0,27,0,12,1,3,0,1,7,0,1156,0
5628,15,0,26,0,12,1,3,0,1,5,0,189,1
6736,52,0,40,0,10,1,3,0,0,7,1,300,0
5628,27,1,25,1,12,1,1,0,0,7,0,361,0
5656,39,0,22,0,12,1,1,0,1,7,0,692,0
5656,6,0,22,0,12,1,3,0,1,5,0,282,0
5656,15,0,20,0,11,1,1,0,1,7,0,112,0
2639,4,0,39,0,12,0,4,1,1,7,1,964,1
5306,8,0,42,1,11,1,4,1,0,7,0,575,0
1799,24,0,49,1,11,1,1,0,1,3,1,310,1
2327,11,0,35,0,10,1,5,0,1,4,1,615,1
5822,24,1,24,1,11,1,4,0,0,7,0,0,0
5439,25,0,27,0,11,0,1,1,1,7,0,391,1
6231,40,1,24,0,9,1,1,0,0,7,0,306,0
5332,26,0,26,0,12,1,4,1,1,6,0,591,1
6365,98,1,25,0,9,1,5,1,1,7,0,606,0
5834,5,0,62,0,4,1,2,0,0,5,1,2316,0
6284,12,0,24,0,11,1,3,0,0,5,0,188,0
2311,9,0,23,0,12,0,1,0,0,7,0,190,0
6031,11,0,36,0,9,1,1,0,0,3,0,2129,0
6411,2,0,51,0,12,1,1,0,0,3,0,1122,0
5159,4,0,21,0,9,1,3,0,1,7,0,592,0
2704,8,0,23,0,10,0,3,1,0,5,0,231,0
5443,49,0,46,0,3,1,4,1,1,8,1,218,0
5818,26,1,27,0,9,1,1,0,0,7,0,550,0
2786,12,0,47,0,11,0,4,1,1,6,0,577,1
2786,2,0,46,0,11,0,5,1,1,7,0,584,1
941,26,0,24,0,12,0,3,1,1,8,1,1284,0
941,6,0,24,0,12,0,3,1,1,9.5,1,366,0
1589,22,1,20,0,11,1,1,0,0,7,0,80,0
5856,3,0,57,0,4,1,1,0,0,7,0,486,0
5801,100,0,21,1,12,1,3,0,0,8,0,0,0
5204,5,0,21,1,13,0,1,0,0,5,0,453,0
6764,2,0,33,0,12,1,2,1,0,8,0,658,0
1813,13,0,23,0,12,1,1,1,0,7,0,439,0
6764,2,0,32,0,8,1,3,1,0,8,1,592,0
2302,11,0,25,0,10,0,3,0,1,13,0,275,0
6115,52,1,30,1,11,1,3,0,0,11,0,0,0
6598,78,1,28,0,15,1,4,0,1,6,0,606,1
5856,2,0,58,0,11,1,1,0,0,7,0,368,0
5656,15,0,30,0,12,1,1,0,0,7,0,401,0
5656,8,0,29,0,12,1,1,0,0,5,0,406,0
5655,26,0,21,0,11,1,3,1,0,7,0,96,0
487,20,0,24,0,11,0,4,1,1,7,0,167,0
487,39,1,39,0,9,0,3,0,1,9,1,417,1
6261,16,0,28,0,12,1,1,1,0,8,0,455,0
6261,13,1,28,0,12,1,1,1,0,7,0,337,0
5008,22,1,25,0,15,1,4,1,0,7,0,220,0
5660,20,0,46,0,11,1,3,1,1,12,1,1285,0
5660,13,0,45,0,11,1,3,1,1,13,1,568,0
5660,34,0,25,0,11,1,2,1,1,13,0,544,1
5064,30,1,35,1,13,1,5,0,0,12,1,782,0
5683,3,0,25,0,12,1,1,0,0,8,0,713,0
6663,22,0,30,0,12,1,3,1,1,11,0,911,0
6156,4,0,20,0,12,1,1,0,0,7,0,418,0
6200,26,0,28,0,14,1,2,1,1,7,0,707,1
5713,30,0,29,1,12,0,2,1,0,7,0,244,0
1216,8,0,26,0,10,1,1,0,0,7,0,295,0
2447,20,0,22,0,12,0,2,0,0,6,0,410,0
2447,12,0,52,0,12,0,1,1,1,5,0,648,1
5085,78,1,32,0,13,1,1,1,0,7,0,0,0
5991,8,0,20,1,12,1,1,0,0,7,0,346,0
6107,9,0,23,0,9,1,5,0,1,7,0,1204,0
5721,16,0,59,0,8,1,9,1,1,7,0,756,0
1829,26,0,21,0,12,0,1,1,0,4,0,712,0
