TotalKg,SWR,Equipment,BodyweightKg,Age,Sex
220,1.941747573,Raw,113.3,43,M
370,4.171364149,Raw,88.7,26,F
185,1.881993896,Raw,98.3,27,M
255,1.719487525,Raw,148.3,43,F
615,5.763823805,Wraps,106.7,47,M
547.5,5.08356546,Wraps,107.7,59,M
580.6,6.687399217,Wraps,86.82,30,M
357.5,5.351796407,Raw,66.8,30,M
590,7.301980198,Raw,80.8,22,M
160,1.593625498,Raw,100.4,19,M
263.08,2.923111111,Raw,90,17,M
522.5,5.30995935,Raw,98.4,23,M
210,2.071005917,Single-ply,101.4,41,M
605,6.179775281,Raw,97.9,29,M
352.5,4.763513514,Raw,74,35,F
275,2.094440213,Raw,131.3,32,M
807.5,6.586460033,Raw,122.6,32,M
417.5,4.815455594,Raw,86.7,18,M
187.5,3.145973154,Raw,59.6,20,M
272.5,2.286073826,Single-ply,119.2,47,M
225,3.9543058,Wraps,56.9,25,F
370,5.096418733,Raw,72.6,21,F
495,5.574324324,Wraps,88.8,39,M
580,7.196029777,Wraps,80.6,36,M
510,4.761904762,Raw,107.1,26,M
310,5.535714286,Raw,56,38,F
447.5,4.35311284,Raw,102.8,28,M
302.5,5.387355298,Raw,56.15,21,M
445,6.732223903,Wraps,66.1,56,M
260,3.651685393,Raw,71.2,36,M
161.03,2.147066667,Raw,75,17,F
115.67,1.402060606,Raw,82.5,15,M
285,3.691709845,Raw,77.2,26,F
671,7.539325843,Raw,89,24,M
445,5.466830467,Raw,81.4,21,M
247.5,2.370689655,Raw,104.4,35,F
445,5.473554736,Raw,81.3,21,M
95,1.583333333,Raw,60,24,F
230,1.708766716,Raw,134.6,30,M
625,6.294058409,Raw,99.3,25,M
517.5,4.679023508,Raw,110.6,55,M
110,1.303317536,Raw,84.4,32,F
160,2.756244617,Raw,58.05,18,M
340,3.444782168,Raw,98.7,28,M
648.64,5.071065593,Wraps,127.91,38,M
620,6.512605042,Raw,95.2,19,M
102.5,1.763896059,Single-ply,58.11,58,F
445,5.480295567,Raw,81.2,17,M
452.5,6.077904634,Raw,74.45,35,M
547.5,5.812101911,Wraps,94.2,25,F
220,4.299394176,Wraps,51.17,32,F
260,3.975535168,Raw,65.4,24,F
555,7.530529172,Raw,73.7,22,M
397.5,6.120092379,Wraps,64.95,19,F
312.5,2.367424242,Raw,132,44,M
402.5,4.268292683,Raw,94.3,25,F
735,7.454361055,Raw,98.6,21,M
357.5,5.638801262,Raw,63.4,28,F
582.5,5.344036697,Raw,109,27,M
382.5,4.356492027,Raw,87.8,35,M
690,7.840909091,Wraps,88,22,M
292.5,4.510408635,Raw,64.85,24,F
270,4.864864865,Wraps,55.5,23,F
160,2.551834131,Raw,62.7,18,M
730,5.632716049,Raw,129.6,26,M
815,6.567284448,Raw,124.1,28,M
267.5,2.192622951,Raw,122,40,M
637.5,6.458312228,Raw,98.71,30,M
272.5,4.339171975,Raw,62.8,29,F
175.09,2.048794758,Single-ply,85.46,48,F
385,3.6492891,Raw,105.5,58,M
420,6.031016657,Raw,69.64,24,M
525,4.419191919,Raw,118.8,19,M
215,2.541671592,Raw,84.59,33,M
75,0.710900474,Raw,105.5,39,F
457.5,7.159624413,Raw,63.9,19,M
217.5,1.765422078,Raw,123.2,45,M
442.5,5.971659919,Raw,74.1,20,M
647.5,6.136859065,Raw,105.51,23,M
376.48,5.577481481,Raw,67.5,15,M
647.5,7.332955832,Raw,88.3,21,M
762.5,4.090665236,Single-ply,186.4,19,M
447.5,6.927244582,Wraps,64.6,26,F
647.5,7.250839866,Wraps,89.3,30,M
455,6.066666667,Raw,75,20,M
110,1.247165533,Raw,88.2,30,M
312.5,5.211807872,Wraps,59.96,24,F
745,7.648870637,Raw,97.4,26,M
92.5,1.102371589,Raw,83.91,50,F
410,3.79313535,Raw,108.09,28,F
720,6.127659574,Wraps,117.5,32,M
269.89,3.770466611,Wraps,71.58,34,F
487.5,6.106726794,Raw,79.83,16,M
745,5.963816843,Wraps,124.92,33,M
140,1.596351197,Raw,87.7,52,M
427.5,3.973048327,Raw,107.6,29,M
780,4.977664327,Raw,156.7,23,M
182.5,1.799802761,Raw,101.4,43,F
220,2.219979818,Raw,99.1,58,M
660,7.366071429,Wraps,89.6,22,M
410.5,6.37323397,Wraps,64.41,16,M
302.5,5.058528428,Raw,59.8,22,F
279.87,2.310874412,Single-ply,121.11,21,M
545,6.728395062,Raw,81,20,M
695,6.420323326,Wraps,108.25,39,M
86.18,1.339863184,Raw,64.32,10,M
547.5,5.486521696,Wraps,99.79,21,M
170,1.740020471,Single-ply,97.7,60,M
425,5.393401015,Wraps,78.8,15,M
567.5,7.023514851,Raw,80.8,23,M
740,7.449164486,Wraps,99.34,28,M
157.5,2.134146341,Raw,73.8,41,F
110,1.455026455,Raw,75.6,15,M
602.5,7.311893204,Wraps,82.4,20,M
607.5,7.490752158,Raw,81.1,22,M
562.5,5.890052356,Raw,95.5,26,M
250,3.822629969,Raw,65.4,44,F
275,5.111524164,Raw,53.8,41,F
97.5,1.091825308,Single-ply,89.3,75,M
357.5,5.296296296,Wraps,67.5,24,F
237.5,4.049445865,Raw,58.65,22,F
292.5,5.241935484,Raw,55.8,23,F
192.5,2.458807,Raw,78.29,22,M
192.5,1.8613421,Single-ply,103.42,70,M
125,1.684409109,Raw,74.21,24,M
122.5,1.300838908,Raw,94.17,70,M
528.44,5.901719902,Wraps,89.54,25,M
712.5,7.168008048,Raw,99.4,26,M
117.5,2.18401487,Single-ply,53.8,52,F
569.99,5.927516639,Single-ply,96.16,32,M
307.5,3.090452261,Raw,99.5,43,F
532.5,5.947062765,Wraps,89.54,44,M
445,5.285035629,Raw,84.2,52,M
100,1.586042823,Raw,63.05,65,F
422.5,5.22249691,Raw,80.9,22,M
560,5.204460967,Wraps,107.6,48,M
210,1.886792453,Raw,111.3,40,M
885,8.105880198,Wraps,109.18,28,M
155,1.771428571,Raw,87.5,29,M
527.5,7.861400894,Raw,67.1,47,M
122.5,1.820208024,Raw,67.3,25,F
522.5,5.364476386,Raw,97.4,23,M
450,5.136986301,Raw,87.6,35,M
227.5,2.82960199,Raw,80.4,17,M
397.5,5.445205479,Single-ply,73,29,F
207.5,2.106171336,Raw,98.52,25,M
355,3.36492891,Raw,105.5,24,F
472.5,4.772727273,Raw,99,29,M
520,5.058365759,Wraps,102.8,64,M
195,2.434456929,Raw,80.1,45,M
582.5,5.836673347,Single-ply,99.8,40,M
527.5,5.409146842,Raw,97.52,25,M
158.76,1.643138067,Raw,96.62,36,M
687.19,6.270553883,Wraps,109.59,39,M
331.12,3.526680158,Wraps,93.89,14,M
182.5,2.123080503,Raw,85.96,16,M
542.5,6.034482759,Raw,89.9,21,M
315,4.891304348,Wraps,64.4,31,F
205,2.369942197,Raw,86.5,39,M
590,7.940780619,Single-ply,74.3,20,M
752.5,6.323529412,Wraps,119,41,M
543.5,7.956375348,Raw,68.31,26,M
65,1.305220884,Raw,49.8,17,F
108.86,1.650644428,Raw,65.95,52,F
555,7.479784367,Wraps,74.2,23,M
260,4.373423045,Wraps,59.45,19,F
600,7.389162562,Wraps,81.2,19,M
125,1.898830321,Raw,65.83,64,M
505.76,4.618812785,Wraps,109.5,18,M
690,6.9,Wraps,100,43,M
277.5,3.709893048,Raw,74.8,37,F
570,6.229508197,Raw,91.5,19,M
573.79,5.933098956,Raw,96.71,22,M
337.5,3.625913193,Wraps,93.08,26,F
275,4.185692542,Raw,65.7,48,F
212.51,2.579944154,Raw,82.37,29,M
170,1.91118606,Raw,88.95,42,M
77.5,0.96875,Raw,80,68,F
662.5,4.642606868,Raw,142.7,19,M
102.5,1.350461133,Raw,75.9,15,F
407.5,5.455153949,Raw,74.7,51,M
252.5,4.316239316,Raw,58.5,23,F
492.5,5.614455084,Wraps,87.72,20,M
555,6.920199501,Wraps,80.2,23,M
300,4,Raw,75,36,F
150,1.369863014,Raw,109.5,17,M
347.5,3.569960962,Wraps,97.34,28,M
510,6.296296296,Wraps,81,25,M
227.5,2.847309136,Raw,79.9,32,M
112.5,1.733436055,Raw,64.9,19,M
322.5,5.475382003,Raw,58.9,20,F
517.5,5.269857434,Wraps,98.2,20,M
662.5,7.369299221,Wraps,89.9,27,M
637.5,6.445904954,Raw,98.9,24,M
555,5.301365938,Wraps,104.69,24,M
280,5.035971223,Raw,55.6,30,F
605,6.752232143,Wraps,89.6,29,M
272.5,3.351783518,Wraps,81.3,35,F
250,3.759398496,Raw,66.5,23,F
269.89,4.050577818,Raw,66.63,37,F
222.5,2.357241233,Single-ply,94.39,46,M
591.94,6.754992582,Wraps,87.63,23,M
55,1.020408163,Raw,53.9,31,F
482.5,5.716824645,Wraps,84.4,19,M
72.35,1.399149101,Single-ply,51.71,39,F
467.5,4.968119022,Raw,94.1,24,M
320,3.174603175,Raw,100.8,19,F
447.5,6.842507645,Raw,65.4,26,M
264.9,2.654574607,Single-ply,99.79,24,M
337.5,5.461165049,Wraps,61.8,44,F
525,7.489300999,Raw,70.1,22,M
307.5,5.631868132,Wraps,54.6,29,F
653.17,6.605683657,Wraps,98.88,35,M
270,4.016661708,Wraps,67.22,13,F
320,2.930939733,Single-ply,109.18,48,M
175,1.984577002,Raw,88.18,23,M
295,3.986486486,Wraps,74,36,F
502.5,6.113138686,Single-ply,82.2,17,M
188,2.151029748,Raw,87.4,62,M
263.08,4.384666667,Wraps,60,36,F
435,4.385080645,Raw,99.2,43,M
387.5,7.451923077,Wraps,52,39,M
415,5.608108108,Wraps,74,47,F
247.5,1.829944547,Raw,135.25,30,M
367.5,3.526871401,Raw,104.2,16,M
210,2.03685742,Raw,103.1,25,M
650,5.597657596,Raw,116.12,25,M
137.5,1.327220077,Raw,103.6,28,M
260,3.939393939,Raw,66,29,F
632.76,5.546633941,Wraps,114.08,23,M
47.4,0.941410129,Single-ply,50.35,50,F
802.5,6.034288292,Wraps,132.99,40,M
270,4.576271186,Raw,59,55,F
755,6.291666667,Wraps,120,34,M
625,6.067961165,Raw,103,22,M
430,5.39523212,Wraps,79.7,20,M
622.5,5.23549201,Wraps,118.9,32,M
220,2.70602706,Raw,81.3,53,M
275,4.378980892,Raw,62.8,26,F
577.5,7,Raw,82.5,36,M
470,6.034925526,Raw,77.88,21,M
707.5,7.099849473,Raw,99.65,22,M
637.5,6.413480885,Wraps,99.4,26,M
395,5.23872679,Raw,75.4,17,M
684.99,7.191496063,Wraps,95.25,20,M
305,3.11574216,Raw,97.89,28,M
705,6.682464455,Wraps,105.5,22,M
467.5,5.9252218,Wraps,78.9,22,M
160,1.977750309,Raw,80.9,45,M
610,6.237218814,Wraps,97.8,31,M
85,0.644427597,Raw,131.9,14,M
235,2.908415842,Raw,80.8,29,M
360,4.804484185,Raw,74.93,34,F
127.5,1.465517241,Raw,87,36,M
600,6.857142857,Wraps,87.5,32,M
330,5.739130435,Raw,57.5,23,F
615,6.26911315,Wraps,98.1,28,M
247.5,4.31184669,Raw,57.4,23,F
425,3.836432569,Raw,110.78,28,M
292.5,3.774193548,Raw,77.5,17,F
197.5,2.201783724,Raw,89.7,26,M
822.5,5.968795356,Raw,137.8,32,M
200,2.69541779,Raw,74.2,51,M
274.42,4.225096228,Raw,64.95,40,F
220,1.960784314,Raw,112.2,33,M
472.5,6.328690062,Raw,74.66,27,M
617.5,5.714946784,Wraps,108.05,27,M
665,4.773869347,Wraps,139.3,39,M
445,6.899224806,Raw,64.5,22,M
392.5,5.929003021,Wraps,66.2,24,F
625,6.731287022,Raw,92.85,34,M
275,5.04587156,Raw,54.5,32,F
555,6.529411765,Raw,85,31,M
252.5,4.222408027,Raw,59.8,45,F
180,1.812688822,Raw,99.3,50,M
352.5,4.326746041,Raw,81.47,20,M
115,2.03539823,Raw,56.5,41,F
622.5,7.081911263,Wraps,87.9,22,M
522.5,5.847789591,Wraps,89.35,23,M
232.5,1.363636364,Raw,170.5,34,M
182.5,1.391006098,Raw,131.2,40,M
540,6.398104265,Wraps,84.4,16,M
713,6.882239382,Wraps,103.6,23,M
512.5,6.265281174,Raw,81.8,24,M
670,8.385481852,Wraps,79.9,26,M
240.4,3.205333333,Raw,75,31,M
297.5,3.035714286,Wraps,98,49,F
345,4.662162162,Wraps,74,38,F
447.5,6.649331352,Raw,67.3,25,M
450,4.276347049,Wraps,105.23,41,M
545,7.416984213,Raw,73.48,23,M
90,1.355217588,Raw,66.41,13,F
610,6.136820926,Wraps,99.4,17,M
587.5,7.164634146,Raw,82,21,M
200,1.819836215,Raw,109.9,14,M
677.5,6.775,Raw,100,18,M
497.5,4.98996991,Raw,99.7,21,M
370,5.027173913,Raw,73.6,17,M
512.5,5.245649949,Raw,97.7,35,M
664.51,5.836714976,Wraps,113.85,27,M
202.5,3.006235154,Wraps,67.36,42,F
257.5,2.142262895,Raw,120.2,51,M
470,7.939189189,Wraps,59.2,23,F
380,4.62006079,Raw,82.25,33,F
547.5,6.264302059,Raw,87.4,29,M
95,1.163502756,Single-ply,81.65,15,F
87.5,1.355538342,Raw,64.55,38,F
300,3.333333333,Raw,90,41,F
327.5,5.569727891,Raw,58.8,21,M
252.5,2.967097532,Raw,85.1,38,M
512.5,4.754174397,Raw,107.8,31,M
357.5,4.485570891,Wraps,79.7,50,F
175,2.006880734,Raw,87.2,36,M
475,5.143475907,Wraps,92.35,44,M
155,1.969504447,Raw,78.7,15,M
345,3.21528425,Raw,107.3,32,M
292.5,4.131355932,Wraps,70.8,38,F
285,4.896907216,Raw,58.2,27,F
320,5.992509363,Raw,53.4,22,F
712.14,5.215996484,Wraps,136.53,55,M
172.5,2.555555556,Wraps,67.5,50,F
432.5,5.48857868,Raw,78.8,34,M
617.5,6.237373737,Raw,99,28,M
380,5.339328369,Raw,71.17,18,M
595,6.983568075,Wraps,85.2,35,M
240,3.100775194,Wraps,77.4,33,F
275,4.937163375,Raw,55.7,25,F
175,1.39586823,Raw,125.37,27,M
180,1.672862454,Raw,107.6,41,M
280,5.415860735,Wraps,51.7,51,F
287.5,3.993055556,Wraps,72,20,F
665,6.778797146,Raw,98.1,27,M
430,5.802968961,Raw,74.1,28,M
310,4.711246201,Raw,65.8,21,F
517.5,5.775669643,Raw,89.6,18,M
437.5,5.928184282,Wraps,73.8,19,M
352.5,2.665003402,Raw,132.27,33,M
235,2.374456906,Single-ply,98.97,44,M
385,5.859969559,Wraps,65.7,23,F
325,3.702859747,Raw,87.77,60,M
138.35,1.274058385,Raw,108.59,37,M
207.5,2.813559322,Single-ply,73.75,22,M
320,4.338983051,Raw,73.75,30,F
160,1.826484018,Raw,87.6,52,M
212.5,2.049180328,Raw,103.7,56,M
597.5,5.992978937,Raw,99.7,34,M
362.5,5.459337349,Wraps,66.4,20,M
675,6.20975161,Raw,108.7,31,M
625,7.084561324,Raw,88.22,24,M
372.5,4.818887451,Raw,77.3,33,F
207.5,3.772727273,Raw,55,36,F
730,8.138238573,Raw,89.7,22,M
200,3.007518797,Raw,66.5,34,F
737.5,7.687897425,Wraps,95.93,41,M
140,1.886792453,Raw,74.2,23,M
900,7.653061224,Wraps,117.6,27,M
557.5,6.97747184,Raw,79.9,25,M
158.76,1.767731878,Raw,89.81,30,M
277.5,4.635042592,Wraps,59.87,58,F
672.5,6.356332703,Raw,105.8,38,M
250,4.30292599,Raw,58.1,27,F
342.5,4.244114002,Raw,80.7,38,M
200,2.076843198,Raw,96.3,40,M
435,4.411764706,Raw,98.6,27,M
227.48,2.279587133,Single-ply,99.79,50,M
665,7.397107898,Wraps,89.9,26,M
385.55,2.004731697,Raw,192.32,47,M
587.5,6.737385321,Raw,87.2,25,M
455,6.148648649,Raw,74,24,M
52.5,1.029411765,Raw,51,18,M
267.5,4.15308182,Raw,64.41,31,F
382.5,6.244897959,Wraps,61.25,17,M
297.5,4.983249581,Wraps,59.7,27,F
592.5,5.435779817,Wraps,109,18,M
365,3.679435484,Wraps,99.2,48,F
200,2.994011976,Raw,66.8,39,F
220,2.898550725,Raw,75.9,41,M
282.5,4.804421769,Raw,58.8,48,F
292.5,4.405120482,Raw,66.4,27,F
492.5,4.670017068,Raw,105.46,33,M
401.43,4.0143,Raw,100,17,M
685,7.405405405,Raw,92.5,34,M
502.5,6.737731295,Raw,74.58,25,M
302.5,5.019913707,Raw,60.26,39,F
622.5,6.287878788,Raw,99,36,M
627.5,5.438079556,Raw,115.39,28,M
542.5,6.14591594,Raw,88.27,30,M
432.5,3.904486774,Single-ply,110.77,46,M
272.5,3.687415426,Raw,73.9,25,M
715,5.72,Wraps,125,26,M
290,4.374057315,Raw,66.3,18,F
592.5,8.006756757,Wraps,74,32,M
475,4.75,Raw,100,21,M
160,1.270849881,Raw,125.9,23,F
92.5,1.301350591,Raw,71.08,19,F
667.5,7.441471572,Raw,89.7,23,M
437.5,4.923475129,Raw,88.86,23,M
272.5,2.2299509,Raw,122.2,37,M
552.5,7.40616622,Raw,74.6,21,M
777.5,6.427213359,Raw,120.97,54,M
470,5.964467005,Raw,78.8,18,M
592.5,4.778225806,Raw,124,19,M
240,1.834862385,Raw,130.8,42,M
282.5,3.548994975,Raw,79.6,52,M
161.03,2.580608974,Raw,62.4,16,M
57.5,1.207983193,Raw,47.6,27,F
195,2.041884817,Raw,95.5,34,M
170,1.990632319,Raw,85.4,49,M
280,3.825136612,Wraps,73.2,36,F
600,5.226480836,Wraps,114.8,43,M
620,5.756731662,Raw,107.7,27,M
507.5,5.708661417,Raw,88.9,22,M
457.5,5.565693431,Raw,82.2,40,M
677.5,10.12705531,Wraps,66.9,26,M
547.5,4.74025974,Wraps,115.5,36,M
600,6.082108464,Wraps,98.65,52,M
200,1.677852349,Raw,119.2,65,M
245,2.716186253,Raw,90.2,35,F
112.5,1.794544584,Raw,62.69,51,F
490,6.056860321,Wraps,80.9,23,M
502.5,6.283606352,Raw,79.97,23,M
455,6.301939058,Raw,72.2,23,M
592.5,4.860541427,Raw,121.9,21,M
74.96,1.391756405,Single-ply,53.86,19,M
525,6.465517241,Wraps,81.2,27,M
105,1.755852843,Raw,59.8,16,F
355,4.733333333,Raw,75,26,F
257.5,3.937308869,Raw,65.4,17,F
322.5,4.309192945,Wraps,74.84,42,F
787.5,5.835927079,Raw,134.94,29,M
167.5,1.262245667,Raw,132.7,29,M
52.5,0.878220141,Raw,59.78,36,F
577.5,7.03410475,Raw,82.1,24,M
272.5,5.322265625,Raw,51.2,22,F
422.5,5.946516538,Wraps,71.05,32,M
165,1.184493898,Raw,139.3,21,M
610,7.411907655,Raw,82.3,23,M
812.5,6.862331081,Wraps,118.4,19,M
657.5,8.067484663,Raw,81.5,32,M
357.5,5.72,Wraps,62.5,34,F
495,4.796511628,Raw,103.2,28,M
682.5,7.606999554,Raw,89.72,32,M
575,6.40311804,Raw,89.8,23,M
590,6.066838046,Wraps,97.25,36,M
437.5,4.689174705,Raw,93.3,25,M
547.5,4.593120805,Raw,119.2,36,M
240,4,Raw,60,33,F
480,8.034817543,Raw,59.74,28,M
162.5,1.424189308,Raw,114.1,32,F
547.5,6.396028037,Raw,85.6,24,M
120,1.788375559,Raw,67.1,77,M
432.5,6.098420756,Raw,70.92,17,M
667.5,6.806362802,Wraps,98.07,20,M
177.5,1.499155405,Raw,118.4,36,M
880,7.376980468,Single-ply,119.29,38,M
378.75,5.005947661,Raw,75.66,43,F
292.5,4.834710744,Wraps,60.5,22,F
385,6.503378378,Raw,59.2,23,F
645,7.232563355,Raw,89.18,28,M
287.5,4.118911175,Raw,69.8,23,F
397.5,3.169856459,Raw,125.4,46,M
772.5,6.491596639,Wraps,119,26,M
247.5,2.270642202,Raw,109,23,M
412.5,3.709532374,Raw,111.2,30,F
572.5,4.739238411,Wraps,120.8,45,M
335,3.181386515,Raw,105.3,44,M
162.5,1.641414141,Raw,99,50,M
205,2.085452696,Raw,98.3,36,M
192.5,3.952772074,Wraps,48.7,25,F
205,3.713768116,Raw,55.2,53,F
195,3.482142857,Raw,56,13,F
160,1.847575058,Raw,86.6,19,M
847.5,8.526156942,Wraps,99.4,22,M
337.5,6.158759124,Raw,54.8,21,F
200,2.188183807,Raw,91.4,49,M
635,5.984919887,Raw,106.1,25,M
585,7.204433498,Raw,81.2,25,M
367.5,4.454545455,Raw,82.5,17,M
401.43,5.3524,Single-ply,75,15,M
450,6.797583082,Raw,66.2,18,M
325,2.976190476,Raw,109.2,27,F
250,4.807692308,Raw,52,26,F
52.5,1.141304348,Raw,46,15,F
407.5,4.120323559,Raw,98.9,16,M
685,6.996935649,Raw,97.9,26,M
265,4.822565969,Wraps,54.95,46,F
527.5,5.611702128,Raw,94,28,M
332.5,3.744369369,Raw,88.8,30,F
155,2.083333333,Raw,74.4,22,M
827.5,7.550182482,Wraps,109.6,28,M
805,4.902557856,Single-ply,164.2,24,M
235,3.579588728,Raw,65.65,17,F
622.5,6.395109924,Wraps,97.34,24,M
585,6.183932347,Single-ply,94.6,31,M
395,3.42584562,Raw,115.3,35,M
262.5,3.886585727,Raw,67.54,39,F
110,1.40593047,Raw,78.24,20,M
140,1.915184679,Raw,73.1,19,F
470,5.446118192,Raw,86.3,56,M
867.49,6.56294447,Single-ply,132.18,19,M
535,5.431472081,Raw,98.5,22,M
455,4.019434629,Raw,113.2,27,M
275,4.237941131,Raw,64.89,25,M
707.5,7.869855395,Raw,89.9,35,M
160,1.615345785,Raw,99.05,51,M
452.5,6.079537821,Raw,74.43,29,M
570,6.418918919,Wraps,88.8,20,M
477.41,5.795920845,Single-ply,82.37,47,M
242.5,4.23506811,Raw,57.26,27,F
887.5,6.521898883,Wraps,136.08,33,M
187.5,2.123442809,Raw,88.3,15,M
400,4.975124378,Wraps,80.4,25,F
662.5,6.134259259,Wraps,108,41,M
650,9.015256588,Wraps,72.1,20,M
532.5,5.378787879,Wraps,99,41,M
235,2.299412916,Raw,102.2,73,M
112.5,2.223320158,Raw,50.6,42,F
170,1.557775131,Raw,109.13,23,M
477.5,8.05227656,Raw,59.3,20,M
620,6.966292135,Raw,89,21,M
502.5,5.608258929,Raw,89.6,23,M
420,3.505843072,Raw,119.8,33,M
620,6.294416244,Wraps,98.5,28,M
207.5,2.002895753,Raw,103.6,39,M
92.5,1.530950017,Raw,60.42,29,F
250,3.799392097,Raw,65.8,16,F
510.29,5.927401557,Wraps,86.09,33,M
225,4.44225074,Raw,50.65,35,F
327.5,4.1613723,Raw,78.7,65,M
537.5,4.068887207,Wraps,132.1,62,M
132.5,1.700898588,Raw,77.9,16,F
185,2.828313713,Raw,65.41,23,F
572.5,7.152673663,Raw,80.04,39,M
575,6.78866588,Raw,84.7,35,M
535,5.504115226,Wraps,97.2,24,M
605,6.05,Raw,100,31,M
197.5,3.127969591,Raw,63.14,30,F
537.5,5.013992537,Raw,107.2,32,M
717.5,8.792892157,Wraps,81.6,25,M
552.5,6.7625459,Wraps,81.7,27,M
217.5,3.892269148,Raw,55.88,15,M
590,6.766055046,Wraps,87.2,23,M
240,3.901804585,Wraps,61.51,37,F
560,6.299212598,Raw,88.9,25,M
542.5,6.640146879,Single-ply,81.7,51,M
480,4.982354162,Raw,96.34,45,M
670,7.08994709,Wraps,94.5,34,M
330,2.64,Single-ply,125,32,M
582.5,4.264275256,Raw,136.6,32,M
396.89,4.810787879,Wraps,82.5,76,M
647.5,6.160799239,Raw,105.1,40,M
335,2.941176471,Raw,113.9,36,M
592.5,6.744450768,Raw,87.85,23,M
752.5,8.417225951,Raw,89.4,29,M
527.5,5.086788814,Raw,103.7,39,M
455,5.48854041,Raw,82.9,27,F
292.5,3.798701299,Raw,77,33,F
287.5,6.013386321,Raw,47.81,22,F
277.5,4.363207547,Single-ply,63.6,22,M
320,2.973977695,Raw,107.6,34,M
647.5,7.848484848,Wraps,82.5,22,M
470,6.322302932,Raw,74.34,19,M
435,3.072033898,Wraps,141.6,21,F
362.5,5.421776847,Wraps,66.86,29,F
595,5.310603356,Wraps,112.04,23,M
90,1.130511242,Raw,79.61,29,F
252.5,2.482792527,Single-ply,101.7,38,M
645,8.799454297,Wraps,73.3,24,M
768.84,7.782569086,Wraps,98.79,37,M
282.5,4.563812601,Raw,61.9,20,F
515,6.358024691,Raw,81,30,M
272.5,4.618644068,Wraps,59,36,F
562.5,6.384790011,Wraps,88.1,27,M
252.5,2.856334842,Raw,88.4,29,M
160,2.002503129,Raw,79.9,31,M
515,7.663690476,Wraps,67.2,19,F
303.91,3.023378432,Raw,100.52,23,M
140,1.884253028,Raw,74.3,43,M
147.5,1.814268143,Raw,81.3,34,M
490,6.041923551,Raw,81.1,26,M
594.21,8.803111111,Wraps,67.5,42,M
205,3.060615109,Raw,66.98,25,F
575,6.581959707,Raw,87.36,28,M
357.5,4.571611253,Wraps,78.2,25,F
200,3.65630713,Raw,54.7,25,F
205,1.663961039,Raw,123.2,35,M
660,7.366071429,Raw,89.6,38,M
590,5.524344569,Raw,106.8,19,M
530,7.647907648,Wraps,69.3,28,M
272.5,4.805996473,Raw,56.7,25,F
492.5,6.057810578,Raw,81.3,25,M
647.5,5.75044405,Raw,112.6,20,M
204.12,2.090536665,Raw,97.64,38,M
467.5,5.379127833,Raw,86.91,19,M
447.5,5.484068627,Raw,81.6,32,M
620,5.693296602,Raw,108.9,22,M
225,2.815315315,Raw,79.92,35,F
605,6.790123457,Raw,89.1,26,M
125,1.73370319,Single-ply,72.1,22,M
470,5.016008538,Raw,93.7,24,M
240,1.848998459,Raw,129.8,18,M
707.5,6.026405451,Raw,117.4,29,M
117.5,1.112689394,Raw,105.6,70,M
137.5,1.858108108,Raw,74,23,M
310,4.647676162,Raw,66.7,22,F
677.5,6.809045226,Raw,99.5,27,M
127.5,2.202072539,Raw,57.9,27,M
472.5,5.769230769,Raw,81.9,21,M
525,4.247572816,Raw,123.6,26,M
99.79,1.131149399,Raw,88.22,79,M
447.5,3.526398739,Wraps,126.9,17,M
245,4.129445474,Wraps,59.33,20,F
610,8.215488215,Raw,74.25,27,M
220,2.497162316,Raw,88.1,33,M
450,5.040887196,Raw,89.27,20,M
467.5,4.872329338,Raw,95.95,21,M
502.5,5.546357616,Raw,90.6,27,M
415,5.708390646,Raw,72.7,14,M
443.5,6.953590467,Single-ply,63.78,26,F
425,5.4098778,Raw,78.56,28,M
257.5,3.222778473,Raw,79.9,24,F
727.5,7.289579158,Raw,99.8,25,M
177.5,2.62962963,Raw,67.5,17,M
462.5,5.724009901,Wraps,80.8,26,M
55,1.294117647,Raw,42.5,13,F
140,1.467505241,Raw,95.4,20,M
175,1.602123959,Raw,109.23,41,M
195,2.250692521,Raw,86.64,62,F
210,2.916666667,Raw,72,20,M
262.5,5.167322835,Raw,50.8,23,F
342.46,2.462500899,Single-ply,139.07,38,M
537.5,7.996132104,Single-ply,67.22,23,M
453.59,6.868413083,Wraps,66.04,32,F
335,4.472630174,Raw,74.9,31,F
590,7.177615572,Raw,82.2,27,M
587.4,5.995101041,Wraps,97.98,23,M
302.5,4.132513661,Raw,73.2,18,F
165,1.550606146,Raw,106.41,47,M
160,2.272727273,Raw,70.4,15,M
162.5,2.009149357,Raw,80.88,28,M
555,5.733471074,Raw,96.8,30,M
255,2.380952381,Raw,107.1,28,M
410,4.38034188,Raw,93.6,13,M
480,6.530612245,Raw,73.5,20,M
405,6.145675266,Raw,65.9,26,M
480,5.850091408,Raw,82.05,31,M
495,6.103575832,Raw,81.1,21,M
210,4.4397463,Raw,47.3,24,F
475,6.337558372,Raw,74.95,25,M
465,6.361149111,Raw,73.1,29,M
602.5,5.573543016,Raw,108.1,22,M
200,1.660164356,Raw,120.47,44,M
230,4.121863799,Raw,55.8,32,F
590,7.866666667,Single-ply,75,19,M
542.5,5.297851563,Raw,102.4,20,M
710,8.040770102,Wraps,88.3,27,M
142.5,1.032608696,Raw,138,32,F
520,5.882352941,Wraps,88.4,28,M
357.5,4.792225201,Raw,74.6,39,F
580,7.191568506,Raw,80.65,20,M
147.5,1.84144819,Raw,80.1,35,M
425,4.93612079,Wraps,86.1,65,M
562.5,6.256952169,Raw,89.9,25,M
62.5,1.064735945,Raw,58.7,31,F
317.5,4.299837486,Raw,73.84,24,F
262.5,2.724442138,Single-ply,96.35,47,M
255,2.152261985,Single-ply,118.48,33,M
635,6.50281618,Wraps,97.65,34,M
465,6.266846361,Raw,74.2,26,M
322.5,4.45441989,Raw,72.4,27,F
155,1.767388826,Raw,87.7,35,M
492.5,5.515117581,Raw,89.3,25,M
446.79,4.4679,Raw,100,17,M
180,1.580333626,Raw,113.9,50,M
550,6.666666667,Wraps,82.5,24,M
190,1.310344828,Raw,145,36,M
265,4.818181818,Raw,55,40,F
307.5,4.186521443,Raw,73.45,28,F
110,2.012440542,Wraps,54.66,26,F
445,5.500618047,Raw,80.9,32,M
575,5.813953488,Raw,98.9,35,M
275,4.236635341,Wraps,64.91,19,F
210,2.8,Single-ply,75,24,M
685,6.898288016,Raw,99.3,26,M
512.5,4.058441558,Wraps,126.28,22,M
235,5.042918455,Raw,46.6,27,F
539.77,6.127483256,Wraps,88.09,21,M
340,5.182926829,Wraps,65.6,25,F
297.5,5.016863406,Raw,59.3,27,F
232.5,3.974358974,Raw,58.5,20,F
235,3.593272171,Raw,65.4,44,F
567.5,5.871094558,Raw,96.66,35,M
337.5,4.638537658,Raw,72.76,29,F
70,1.118210863,Raw,62.6,33,F
597.5,7.46875,Raw,80,19,M
405,5.407209613,Raw,74.9,34,F
640,5.633802817,Wraps,113.6,24,M
564.99,8.735157699,Single-ply,64.68,21,M
52.16,0.696953501,Raw,74.84,68,M
400,5.095541401,Wraps,78.5,34,F
460,8.02092415,Raw,57.35,22,M
442.5,4.93696307,Raw,89.63,29,M
295,5.270680722,Raw,55.97,21,F
665,6.782253952,Wraps,98.05,29,M
275,4.595588235,Raw,59.84,15,M
493.5,4.189303905,Wraps,117.8,66,M
497.5,6.25,Raw,79.6,29,M
150,1.818181818,Single-ply,82.5,41,M
177.5,1.646567718,Raw,107.8,49,M
125,1.050420168,Raw,119,75,M
217.5,2.668711656,Raw,81.5,29,M
317.5,3.954415245,Wraps,80.29,37,F
213.19,3.815139585,Wraps,55.88,50,F
212.5,3.986866792,Raw,53.3,31,F
208.65,3.739917548,Wraps,55.79,22,F
237.5,1.979166667,Raw,120,37,M
707.5,7.896205357,Raw,89.6,23,M
112.5,1.939655172,Raw,58,50,F
595,5.962521295,Wraps,99.79,25,M
630,9,Wraps,70,32,M
180,1.651376147,Raw,109,22,M
250,4.215851602,Raw,59.3,38,F
477.5,5.389390519,Raw,88.6,22,M
242.5,4.667949952,Raw,51.95,40,F
635.03,7.055888889,Wraps,90,22,M
312.5,4.217273954,Raw,74.1,30,F
557.5,6.349658314,Raw,87.8,29,M
480,5.43601359,Raw,88.3,23,M
832.5,5.126231527,Wraps,162.4,29,M
200,2.436053593,Raw,82.1,29,M
442.5,6.111878453,Wraps,72.4,41,F
597.5,4.412850812,Raw,135.4,22,M
250,3.516174402,Raw,71.1,17,F
262.5,3.571428571,Raw,73.5,27,F
230,3.181189488,Raw,72.3,23,F
372.5,4.979946524,Raw,74.8,32,F
407.5,6.62601626,Raw,61.5,16,M
712.5,5.816326531,Wraps,122.5,27,M
667.5,5.516528926,Wraps,121,23,M
335,3.87283237,Raw,86.5,43,F
275,4.67766627,Raw,58.79,26,F
482.5,5.884146341,Raw,82,23,M
720,5.985037406,Wraps,120.3,48,M
307.5,4.812206573,Raw,63.9,25,F
627.5,5.147662018,Raw,121.9,29,M
480,5.429864253,Raw,88.4,24,F
200,1.879699248,Raw,106.4,44,M
457.5,4.224376731,Raw,108.3,28,M
430,5.386446198,Raw,79.83,23,M
215,2.505827506,Single-ply,85.8,60,M
307.5,4.121983914,Raw,74.6,39,F
117.5,1.965540314,Raw,59.78,29,F
562.5,6.961633663,Raw,80.8,25,M
435,4.479917611,Raw,97.1,23,M
600,5.83090379,Raw,102.9,48,M
540,6.19266055,Wraps,87.2,37,M
550,5.238095238,Raw,105,31,M
450,5.027932961,Raw,89.5,29,M
185,2.56232687,Raw,72.2,21,M
307.5,3.768382353,Raw,81.6,23,F
185,2.304147465,Single-ply,80.29,25,M
677.5,6.159090909,Single-ply,110,27,M
550,5.608239013,Wraps,98.07,24,M
237.5,3.73427673,Wraps,63.6,46,F
105,1.761744966,Raw,59.6,17,M
660,8.61618799,Wraps,76.6,29,M
566.99,6.975762795,Wraps,81.28,20,M
272.5,3.707482993,Raw,73.5,37,F
665,6.487804878,Raw,102.5,21,M
272.16,2.479365947,Raw,109.77,38,M
77.5,1.17781155,Raw,65.8,37,F
590,6.310160428,Wraps,93.5,25,M
507.5,5.963572268,Raw,85.1,20,M
545,6.278801843,Raw,86.8,23,M
205,3.151421983,Raw,65.05,36,F
187.5,2.419354839,Raw,77.5,41,F
170,1.734693878,Raw,98,53,M
252.5,3.014925373,Raw,83.75,40,M
887.5,8.99189463,Single-ply,98.7,38,M
352.5,4.415633221,Wraps,79.83,36,F
652.5,6.50872818,Wraps,100.25,24,M
150,1.309357542,Raw,114.56,21,M
347.5,6.261261261,Wraps,55.5,39,F
525,6.782945736,Raw,77.4,25,M
442.5,6.223628692,Wraps,71.1,27,M
330,5.108359133,Raw,64.6,26,F
460,5.368814192,Raw,85.68,17,M
382.5,3.879310345,Raw,98.6,16,M
482.5,3.686019862,Raw,130.9,18,M
202.5,3.52173913,Raw,57.5,48,F
92.5,1.136363636,Raw,81.4,71,M
192.5,2.851851852,Raw,67.5,50,F
272.5,4.456983971,Raw,61.14,53,F
272.5,3.732876712,Raw,73,19,F
332.5,1.905444126,Single-ply,174.5,38,M
695,7.128205128,Raw,97.5,33,M
170,3.035714286,Raw,56,33,F
582.5,8.733133433,Raw,66.7,35,M
385,3.857715431,Single-ply,99.8,23,M
570,5.3420806,Wraps,106.7,26,M
940.5,7.341920375,Raw,128.1,23,M
580,5.8,Raw,100,17,M
254.01,3.414571851,Raw,74.39,27,M
437.5,7.998171846,Wraps,54.7,26,M
655,7.302118172,Raw,89.7,30,M
125,2.12585034,Raw,58.8,35,M
262.5,4.296235679,Raw,61.1,23,F
154.22,2.297333532,Raw,67.13,11,F
495,6.051344743,Wraps,81.8,17,M
80,1.206636501,Raw,66.3,35,F
857.5,7.816773017,Wraps,109.7,30,M
115,0.923694779,Raw,124.5,37,M
305,3.167185877,Raw,96.3,22,F
345,5.291411043,Raw,65.2,30,F
200,2.320185615,Raw,86.2,28,M
420,4.242424242,Raw,99,29,M
645,4.927425516,Raw,130.9,27,M
230,1.653843388,Single-ply,139.07,43,M
202.5,2.524937656,Raw,80.2,15,M
605,7.638888889,Raw,79.2,26,M
262.5,4.261363636,Raw,61.6,23,F
275,2.34082397,Raw,117.48,31,M
542.04,6.022666667,Raw,90,24,M
102.5,1.526888128,Single-ply,67.13,21,M
625,8.445945946,Raw,74,25,M
365,2.788388083,Raw,130.9,27,M
582.5,7.112332112,Raw,81.9,19,M
690,7.182262933,Single-ply,96.07,40,M
497.5,5.292553191,Raw,94,22,M
182.5,3.049289891,Raw,59.85,51,F
430,5.939226519,Raw,72.4,30,F
60,1.183431953,Raw,50.7,20,F
382.5,5.777945619,Raw,66.2,26,F
660,5.383360522,Wraps,122.6,26,M
675,6.037567084,Raw,111.8,24,M
272.16,2.700267884,Raw,100.79,19,M
310,2.327327327,Single-ply,133.2,43,M
557.5,4.573420837,Raw,121.9,23,M
383.29,3.974800373,Wraps,96.43,43,M
585.13,5.420379805,Wraps,107.95,42,M
420,7.279029463,Single-ply,57.7,17,M
817.5,9.321550741,Wraps,87.7,27,M
160,1.091405184,Raw,146.6,41,F
655,8.03976924,Wraps,81.47,26,M
381.02,3.8102,Single-ply,100,15,M
367.5,3.852201258,Raw,95.4,16,M
212.5,2.539132513,Single-ply,83.69,38,M
425,5.221130221,Raw,81.4,17,M
485,7.271364318,Raw,66.7,31,M
152.5,2.045058334,Single-ply,74.57,26,M
460,5.859872611,Raw,78.5,24,M
522.5,6.547619048,Raw,79.8,28,M
272.5,4.572147651,Wraps,59.6,19,F
445,5.474901575,Wraps,81.28,25,M
315,2.316176471,Single-ply,136,25,M
205,1.642628205,Raw,124.8,30,M
335,6.203703704,Raw,54,39,F
300,5.385996409,Raw,55.7,27,F
530.7,7.231230413,Wraps,73.39,25,M
560.19,6.310577898,Raw,88.77,22,M
237.5,2.932098765,Raw,81,23,M
340,4.557640751,Raw,74.6,34,M
257.5,4.333557725,Raw,59.42,29,F
381.02,5.849247774,Wraps,65.14,48,F
117.5,1.788432268,Raw,65.7,19,F
485,4.478301016,Raw,108.3,61,M
580,5.34562212,Raw,108.5,24,M
669.05,6.6905,Wraps,100,23,M
655,7.326621924,Raw,89.4,25,M
230,2.180094787,Raw,105.5,36,M
70.31,1.201674927,Raw,58.51,15,M
827.81,7.385885082,Wraps,112.08,25,M
617.5,4.47950671,Wraps,137.85,43,M
227.5,2.438370847,Single-ply,93.3,43,M
80,1.080642983,Raw,74.03,14,M
612.35,7.653418323,Wraps,80.01,23,M
65,1.130631414,Single-ply,57.49,15,M
547.5,6.234342974,Wraps,87.82,23,M
225,2.747252747,Raw,81.9,51,M
750,6.37213254,Wraps,117.7,36,M
307.5,4.694656489,Raw,65.5,32,F
104.33,1.597213717,Raw,65.32,26,M
225,3.242074928,Raw,69.4,42,F
455,5.071333036,Wraps,89.72,17,M
205,4.270833333,Raw,48,19,F
200,1.908396947,Raw,104.8,36,M
232.5,3.702229299,Raw,62.8,24,F
295,3.329571106,Raw,88.6,34,M
207.5,2.516676774,Raw,82.45,18,M
397.5,3.329424575,Raw,119.39,31,M
595,5.576382381,Raw,106.7,26,M
607.5,7.363636364,Raw,82.5,39,M
245,4.238754325,Wraps,57.8,43,F
297.5,5.129310345,Raw,58,23,F
682.5,5.566884176,Wraps,122.6,32,M
512.5,6.334981459,Raw,80.9,29,M
167.5,1.712678937,Raw,97.8,42,M
262.5,4.738267148,Wraps,55.4,28,F
752.5,4.72972973,Raw,159.1,29,M
487.5,3.963414634,Single-ply,123,30,M
155,1.370105189,Raw,113.13,16,M
267.5,2.472273567,Raw,108.2,29,M
615,6.262729124,Raw,98.2,21,M
145,2.445193929,Raw,59.3,58,F
40.82,0.833231272,Raw,48.99,13,F
150,1.87032419,Raw,80.2,17,M
325,5.855855856,Raw,55.5,26,F
257.5,5.078895464,Raw,50.7,22,F
335,4.174454829,Wraps,80.25,27,F
485,5.215053763,Raw,93,16,M
632.5,6.225393701,Raw,101.6,27,M
165,1.770386266,Raw,93.2,56,M
320,4.584527221,Raw,69.8,32,F
447.5,5.005592841,Raw,89.4,61,M
784.71,6.395354523,Wraps,122.7,24,M
295,3.710691824,Raw,79.5,35,M
765,6.967213115,Raw,109.8,31,M
105,1.291512915,Raw,81.3,26,M
451.32,5.281067166,Wraps,85.46,22,M
312.5,3.848996182,Raw,81.19,36,F
260,3.359173127,Wraps,77.4,28,F
690,7.062436029,Wraps,97.7,31,M
557.5,6.65274463,Raw,83.8,33,M
257.5,3.150232444,Raw,81.74,39,M
220,2.956989247,Raw,74.4,40,M
535,5.725599315,Wraps,93.44,33,M
562.5,6.282108555,Wraps,89.54,21,M
427.5,5.753701211,Wraps,74.3,54,M
625,6.268806419,Wraps,99.7,20,M
660,6.038426349,Wraps,109.3,34,M
283.5,4.875322442,Wraps,58.15,20,F
465,7.08949535,Wraps,65.59,20,M
662.5,6.055758684,Wraps,109.4,28,M
530,6.036446469,Raw,87.8,16,M
305,2.818853974,Raw,108.2,30,M
270,2.385159011,Raw,113.2,24,F
547.5,6.717791411,Raw,81.5,20,M
420,5.018520731,Raw,83.69,36,F
327.5,4.977203647,Raw,65.8,34,F
447.5,4.143518519,Raw,108,19,M
210,2.85326087,Raw,73.6,66,M
262.5,4.206730769,Raw,62.4,32,F
157.5,2.41194487,Raw,65.3,38,F
375,5.215577191,Raw,71.9,31,F
170,1.594746717,Raw,106.6,67,M
240,1.744186047,Raw,137.6,36,M
490,6.215907649,Raw,78.83,28,M
402.5,4.975278121,Raw,80.9,15,M
495,5.512249443,Wraps,89.8,16,M
340,4.533333333,Raw,75,39,F
290,4.4546851,Wraps,65.1,33,F
405,6.923076923,Single-ply,58.5,25,F
457.5,6.25,Wraps,73.2,23,F
55,0.996376812,Raw,55.2,44,F
272.5,5.122180451,Raw,53.2,22,F
512.5,6.265281174,Wraps,81.8,62,M
280,4.765957447,Raw,58.75,32,F
205,2.117768595,Raw,96.8,64,M
362.5,4.310344828,Single-ply,84.1,29,M
465,6.134564644,Raw,75.8,31,M
190,2.173913043,Raw,87.4,23,M
100,1.338688086,Raw,74.7,80,M
615,7.60197775,Raw,80.9,31,M
595,3.919631094,Raw,151.8,19,M
465,5.509478673,Raw,84.4,23,M
227.5,2.86163522,Single-ply,79.5,31,M
390,4.235447437,Single-ply,92.08,29,M
275,4.586390927,Raw,59.96,42,F
625,4.608464828,Wraps,135.62,37,M
565,5.044642857,Wraps,112,18,M
137.5,1.59512761,Raw,86.2,19,M
212.5,4.560085837,Raw,46.6,32,F
605,5.399857194,Wraps,112.04,30,M
660,7.341490545,Wraps,89.9,17,M
155,1.487523992,Raw,104.2,32,M
582.5,6.530269058,Wraps,89.2,18,M
117.5,1.316231657,Raw,89.27,19,M
190,4.470588235,Raw,42.5,24,F
522.5,6.466584158,Wraps,80.8,21,M
395,7.3012939,Wraps,54.1,31,F
287.5,4.353422168,Raw,66.04,35,F
332.5,5.726834309,Raw,58.06,17,M
333,5.644067797,Wraps,59,27,F
210,2.838605028,Raw,73.98,70,M
337.5,4.598092643,Raw,73.4,24,F
267.5,3.780384398,Wraps,70.76,32,F
290,4.898648649,Raw,59.2,24,F
482.5,5.891330891,Wraps,81.9,17,M
465,5.225306214,Raw,88.99,24,M
555,7.61839396,Raw,72.85,19,M
180,2.223045572,Single-ply,80.97,53,M
653.17,5.555583907,Raw,117.57,28,M
322.5,5.429292929,Wraps,59.4,43,F
235,3.528528529,Raw,66.6,31,F
116,1.310734463,Raw,88.5,50,F
625,8.074935401,Wraps,77.4,25,M
452.5,4.902491874,Wraps,92.3,25,M
640,7.82396088,Raw,81.8,28,M
182.5,2.462887989,Raw,74.1,23,M
192,4.093816631,Wraps,46.9,17,F
120,1.091901729,Raw,109.9,28,M
577.5,5.798192771,Wraps,99.6,49,M
310,4.02075227,Raw,77.1,19,M
137.5,1.531180401,Raw,89.8,50,M
477.5,5.44904713,Wraps,87.63,44,M
665,7.505643341,Wraps,88.6,21,M
322.5,3.63503156,Raw,88.72,29,F
495,7.545731707,Single-ply,65.6,46,M
190,1.909163987,Raw,99.52,22,M
625,7.663070132,Single-ply,81.56,29,M
220,2.204629722,Raw,99.79,46,M
537.5,7.239057239,Raw,74.25,29,M
90,1.227830832,Raw,73.3,20,F
415,5.720981527,Raw,72.54,34,M
150,2.040816327,Raw,73.5,23,M
478.54,5.966832918,Single-ply,80.2,69,M
465,7.85472973,Single-ply,59.2,23,F
265,4.476351351,Raw,59.2,21,F
450,5.913272011,Raw,76.1,29,M
195,1.56626506,Single-ply,124.5,17,M
303.91,3.093231552,Wraps,98.25,39,F
560,6.414662085,Wraps,87.3,18,M
420,3.629450398,Raw,115.72,17,M
655,6.70419652,Wraps,97.7,27,M
367.5,5.057107472,Single-ply,72.67,46,F
202.5,2.373974209,Raw,85.3,22,M
425,5.266418835,Raw,80.7,24,M
380,5.121293801,Raw,74.2,38,F
775,5.953295437,Wraps,130.18,34,M
672.5,7.116402116,Raw,94.5,36,M
85,1.217765043,Raw,69.8,38,F
235,3.019013361,Raw,77.84,45,F
600,5.66893424,Raw,105.84,30,M
227.5,1.82,Raw,125,47,M
410,4.578959124,Raw,89.54,17,M
634.99,6.756650351,Single-ply,93.98,43,M
242.5,3.748068006,Wraps,64.7,30,F
210,3.851797506,Raw,54.52,19,F
435,6.531531532,Raw,66.6,20,M
467.5,5.732679338,Raw,81.55,24,M
422.5,5.721056195,Raw,73.85,32,F
453.59,3.62872,Single-ply,125,15,M
480,6.030150754,Wraps,79.6,32,M
495,4.862475442,Raw,101.8,56,M
815,6.70781893,Wraps,121.5,29,M
92.5,1.409416425,Raw,65.63,34,F
430,4.347826087,Raw,98.9,18,M
147.5,2.652400647,Raw,55.61,17,F
127.5,1.770095793,Raw,72.03,42,M
360,2.756508423,Raw,130.6,28,M
530,7.181571816,Wraps,73.8,38,M
657.5,6.764403292,Wraps,97.2,25,M
265,3.585926928,Raw,73.9,28,F
400,4.61361015,Raw,86.7,21,M
430,5.351586808,Raw,80.35,19,M
850,7.423580786,Wraps,114.5,24,M
797.5,8.221649485,Raw,97,22,M
420,4.303278689,Wraps,97.6,29,M
242.5,2.942961165,Raw,82.4,43,M
695,7.210291524,Wraps,96.39,34,M
685,6.272893773,Raw,109.2,24,M
467.5,6.404109589,Wraps,73,28,M
707.5,6.895711501,Wraps,102.6,40,M
760,6.280991736,Raw,121,24,M
200,1.740644038,Raw,114.9,43,M
235,4.744599233,Raw,49.53,26,F
250,3.816793893,Raw,65.5,15,M
117.5,0.94,Raw,125,72,M
210,2.431681334,Single-ply,86.36,39,F
792.5,7.925,Wraps,100,34,M
257.5,3.21875,Wraps,80,39,F
745,7.472417252,Raw,99.7,36,M
292.5,4.34298441,Raw,67.35,17,F
427.5,4.959396752,Wraps,86.2,32,F
237.5,4.414498141,Wraps,53.8,22,F
107.5,1.733870968,Single-ply,62,19,M
600,6.16966581,Raw,97.25,24,M
532.5,6.582200247,Raw,80.9,21,M
215.46,2.51588043,Raw,85.64,17,M
230,2.628571429,Single-ply,87.5,23,M
122.5,2.207207207,Raw,55.5,50,F
620,5.153782211,Wraps,120.3,22,M
175,2.369989166,Raw,73.84,45,M
124.96,2.295792761,Single-ply,54.43,34,M
447.5,7.630008525,Raw,58.65,30,M
149.69,2.727587464,Raw,54.88,14,F
610,6.9476082,Raw,87.8,22,M
317.5,5.639431616,Raw,56.3,25,F
510,6.976744186,Raw,73.1,31,M
247.5,4.794653235,Raw,51.62,29,F
260,5.652173913,Wraps,46,39,F
567.5,3.494458128,Single-ply,162.4,60,M
552.5,6.754278729,Raw,81.8,23,M
297.5,4.431699687,Raw,67.13,21,F
547.5,6.636363636,Raw,82.5,21,M
862.5,6.939974252,Single-ply,124.28,28,M
195,2.603818934,Raw,74.89,71,M
172.5,1.782024793,Raw,96.8,25,M
572.5,6.476244344,Wraps,88.4,43,M
197.5,1.835501859,Raw,107.6,27,M
232.5,3.279266573,Raw,70.9,57,F
612.5,5.833333333,Raw,105,33,M
172.5,1.730190572,Raw,99.7,57,M
132.5,2.548076923,Raw,52,16,M
440,7.382550336,Raw,59.6,21,M
540,6.398104265,Raw,84.4,25,M
272.5,4.635142031,Wraps,58.79,24,F
520,7.852612504,Raw,66.22,26,M
325,5.536626917,Raw,58.7,40,F
192.5,1.813642359,Single-ply,106.14,61,M
187.5,2.506684492,Raw,74.8,41,M
220,3.308270677,Raw,66.5,18,F
170,2.728731942,Raw,62.3,23,M
231.33,3.512450653,Raw,65.86,35,F
485,4.676952748,Raw,103.7,45,M
340,6.403013183,Raw,53.1,22,F
725,8.064516129,Raw,89.9,24,M
237.5,2.358490566,Raw,100.7,44,M
412.5,5.686517783,Raw,72.54,28,M
672.5,7.556179775,Raw,89,22,M
500,5.624296963,Wraps,88.9,39,F
602.5,4.979338843,Wraps,121,25,M
587.5,6.718124643,Wraps,87.45,28,M
515,7.000135925,Raw,73.57,41,M
147.5,1.461843409,Raw,100.9,63,F
382.5,3.528597786,Wraps,108.4,25,F
435,6.712962963,Raw,64.8,23,F
232.5,4.181654676,Wraps,55.6,28,F
503.49,6.623125493,Wraps,76.02,19,M
170,1.859142607,Raw,91.44,40,M
52.5,0.961186379,Raw,54.62,14,F
397.5,5.430327869,Raw,73.2,22,M
555,6.313993174,Raw,87.9,30,M
662.5,7.41881299,Raw,89.3,24,M
410,4.244306418,Raw,96.6,28,M
620,5.010505899,Raw,123.74,31,M
220,2.222222222,Raw,99,47,M
315,2.677433064,Raw,117.65,32,M
385.55,3.505,Raw,110,15,M
240.4,4.222729668,Wraps,56.93,12,M
515,5.876982768,Raw,87.63,32,M
328.85,3.835880089,Raw,85.73,70,M
287.5,4.69004894,Wraps,61.3,22,F
757.5,6.398344455,Wraps,118.39,31,M
597.5,6.211018711,Wraps,96.2,25,M
161.03,1.47923939,Raw,108.86,16,F
575,6.497175141,Wraps,88.5,30,M
460,4.236117506,Raw,108.59,40,M
250,4.464285714,Raw,56,27,F
715,8.698296837,Wraps,82.2,38,M
215,4.150579151,Raw,51.8,20,F
525,6.386861314,Wraps,82.2,30,F
52.5,1.916058394,Raw,27.4,9,M
382.5,4.775280899,Raw,80.1,27,M
667.5,6.708542714,Single-ply,99.5,30,M
476.27,8.267141121,Raw,57.61,25,M
67.5,1.433121019,Raw,47.1,25,F
687.5,6.401303538,Wraps,107.4,24,M
117.5,1.459627329,Raw,80.5,43,F
120,2.75862069,Raw,43.5,21,F
732.5,6.763619575,Wraps,108.3,43,M
165,1.971326165,Raw,83.7,53,M
331.12,5.659203555,Wraps,58.51,26,F
667.5,6.339031339,Wraps,105.3,60,M
430,5.806887238,Raw,74.05,25,M
225,3.338278932,Raw,67.4,50,F
560,6.306306306,Raw,88.8,27,M
262.5,3.576781578,Raw,73.39,23,M
687.19,5.848425532,Wraps,117.5,25,M
617.5,7.738095238,Raw,79.8,34,M
385,5.347222222,Raw,72,34,M
710,6.761904762,Raw,105,27,M
692.5,6.376611418,Wraps,108.6,26,M
727.5,7.318913481,Wraps,99.4,30,M
450,5.494505495,Raw,81.9,24,M
325,4.87987988,Raw,66.6,26,F
497.5,5.718390805,Raw,87,30,M
305,4.121621622,Single-ply,74,45,M
560,4.690117253,Wraps,119.4,40,M
225,4.482071713,Raw,50.2,18,F
472.5,5.326944758,Raw,88.7,20,M
597.5,6.703691238,Raw,89.13,31,M
229.06,2.970561535,Wraps,77.11,14,M
245,3.310810811,Raw,74,24,F
522.5,5.386597938,Raw,97,38,M
200,2.510985562,Raw,79.65,37,M
482.5,4.849246231,Raw,99.5,35,M
807.5,8.107429719,Raw,99.6,30,M
605,6.269430052,Raw,96.5,21,M
210,3.5,Raw,60,48,F
445,4.163937494,Wraps,106.87,25,M
452.5,4.596241747,Raw,98.45,22,M
167.5,1.865048436,Single-ply,89.81,19,M
371.95,2.877311054,Raw,129.27,30,M
382.5,3.639391056,Raw,105.1,13,M
605,5.627906977,Raw,107.5,30,M
300,3.550295858,Raw,84.5,25,F
580,6.170212766,Wraps,94,24,M
382.5,5.717488789,Raw,66.9,18,M
557.5,6.797951469,Raw,82.01,18,M
399.16,3.353722064,Raw,119.02,38,M
370,5.029907558,Raw,73.56,22,F
522.5,7.798507463,Wraps,67,23,M
390,3.507194245,Raw,111.2,32,M
412.5,6.875,Single-ply,60,28,M
305,4.382183908,Raw,69.6,30,F
145.15,2.424419576,Raw,59.87,23,F
97.5,1.878974754,Raw,51.89,24,F
502.5,5.845742206,Raw,85.96,47,M
585,5.897177419,Raw,99.2,15,M
512.5,5.656732892,Wraps,90.6,43,M
205,2.911931818,Raw,70.4,13,F
587.5,6.372017354,Raw,92.2,28,M
515.5,5.824858757,Wraps,88.5,28,F
587.5,6.069214876,Wraps,96.8,21,M
505,5.661434978,Wraps,89.2,21,M
540,6.026785714,Raw,89.6,31,M
132.5,1.095675184,Raw,120.93,15,M
547.5,5.184659091,Raw,105.6,17,M
750,6.824385805,Single-ply,109.9,33,M
745,5.173611111,Raw,144,39,M
475,7.723577236,Wraps,61.5,17,M
285,4.324734446,Raw,65.9,38,F
622.5,6.916666667,Raw,90,34,M
727.5,8.250170107,Wraps,88.18,38,M
477.5,5.914045083,Raw,80.74,23,M
445,6.258790436,Raw,71.1,18,M
485,4.93387589,Raw,98.3,33,M
540,5.511328843,Wraps,97.98,19,M
172.5,2.315436242,Raw,74.5,19,M
100,1.680672269,Raw,59.5,27,M
199.58,2.117335031,Raw,94.26,43,M
212.5,3.185907046,Wraps,66.7,20,F
462.5,5.709876543,Raw,81,21,M
737.5,6.82554373,Wraps,108.05,27,M
220,2.00729927,Single-ply,109.6,33,M
292.5,5.121694975,Raw,57.11,28,F
665,6.554953179,Wraps,101.45,24,M
557.5,4.216457419,Wraps,132.22,25,M
580.5,7.036363636,Wraps,82.5,19,M
460,4.722792608,Raw,97.4,55,M
149.69,2.019562871,Raw,74.12,24,F
545,6.25430342,Raw,87.14,24,M
307.5,5.590909091,Raw,55,24,F
197.5,3.347457627,Raw,59,17,M
552.5,6.145717464,Wraps,89.9,26,M
182.5,2.225609756,Raw,82,31,M
362.5,7.038834951,Wraps,51.5,25,F
340,4.548494983,Raw,74.75,22,M
250,3.03030303,Raw,82.5,67,M
54.43,1.052601044,Raw,51.71,26,F
177.5,1.457307061,Raw,121.8,21,M
495,5.796252927,Wraps,85.4,19,M
777.49,5.76772997,Wraps,134.8,39,M
260,4.06885759,Wraps,63.9,26,F
130,1.97869102,Raw,65.7,18,F
535,6.588669951,Raw,81.2,30,M
210,1.485148515,Raw,141.4,33,M
565,4.892622099,Wraps,115.48,19,M
605.55,5.284953744,Wraps,114.58,44,M
327.5,4.467939973,Raw,73.3,62,M
410,7.19677023,Raw,56.97,20,M
552.5,6.923558897,Wraps,79.8,22,M
570,6.925880923,Wraps,82.3,29,M
567.5,5.838477366,Wraps,97.2,27,M
612.5,6.079404467,Raw,100.75,24,M
270,3.953147877,Raw,68.3,43,F
312.5,2.888170055,Raw,108.2,27,M
220,2.018348624,Single-ply,109,45,M
825,6.457925636,Single-ply,127.75,21,M
152.5,1.694444444,Raw,90,30,M
340,5.685618729,Raw,59.8,26,F
467.5,5.017709563,Raw,93.17,46,M
605,5.767397521,Wraps,104.9,26,M
605,7.5625,Raw,80,22,M
525,7.03564728,Raw,74.62,18,M
292.5,4.520865533,Raw,64.7,28,F
140,2.445842068,Raw,57.24,16,M
415,4.861192456,Raw,85.37,18,M
622.5,5.674567001,Wraps,109.7,31,M
657.5,8.075411447,Raw,81.42,20,M
70,1.085271318,Single-ply,64.5,14,M
652.5,8.793800539,Single-ply,74.2,17,M
500,4.49923513,Raw,111.13,42,M
320,4.942848316,Wraps,64.74,34,F
282.5,4.623567921,Raw,61.1,17,F
795,7.273559012,Wraps,109.3,28,M
412.5,5.024360536,Raw,82.1,34,F
502.5,5.646701877,Single-ply,88.99,16,M
203,2.034068136,Raw,99.8,28,M
530,7.190340524,Wraps,73.71,21,M
622.5,7.081911263,Raw,87.9,25,M
232.5,2.583333333,Raw,90,31,M
237.5,4.666011788,Raw,50.9,34,F
277.5,3.859527121,Raw,71.9,24,F
260,5.028040998,Raw,51.71,29,F
125,1.666666667,Single-ply,75,64,M
777.5,6.346938776,Raw,122.5,23,M
547.5,5.67357513,Raw,96.5,29,M
737.5,7.437474788,Single-ply,99.16,38,M
352.5,3.934151786,Raw,89.6,48,F
401,4.01,Raw,100,22,M
725,6.846081209,Raw,105.9,25,M
250,3.765060241,Raw,66.4,35,F
685,7.696629213,Wraps,89,21,M
330,3.122338916,Raw,105.69,56,M
355,6.078767123,Raw,58.4,26,F
202.5,3.616071429,Raw,56,20,M
227.5,3.723404255,Raw,61.1,29,F
525,6.345177665,Raw,82.74,24,M
485.34,4.863613589,Wraps,99.79,19,M
635.03,7.06216637,Wraps,89.92,21,M
257.5,4.37330163,Wraps,58.88,34,F
310,5.363321799,Single-ply,57.8,52,F
600,6.256517205,Raw,95.9,35,M
285,4.05520774,Raw,70.28,14,M
480,4.984423676,Raw,96.3,19,M
472.5,5.776283619,Raw,81.8,40,M
305,5.475763016,Single-ply,55.7,28,F
330,4.518690949,Wraps,73.03,14,M
632.5,6.449474865,Raw,98.07,23,M
297.5,5.016863406,Raw,59.3,29,F
660,6.476938175,Raw,101.9,26,M
272.5,4.097744361,Raw,66.5,41,M
492.5,8.333333333,Raw,59.1,32,M
195,2.407110233,Single-ply,81.01,37,M
437.5,5,Raw,87.5,53,M
227.5,1.872427984,Raw,121.5,18,M
112.5,1.462938882,Raw,76.9,31,F
522.5,7.018132975,Raw,74.45,18,M
890,5.949595561,Wraps,149.59,31,M
250.5,2.840136054,Raw,88.2,18,M
705,5.812036274,Raw,121.3,28,M
213.19,2.786797386,Raw,76.5,15,M
410,4.575892857,Raw,89.6,28,F
590,7.462686567,Raw,79.06,22,M
102.06,1.264057468,Raw,80.74,62,M
267.5,3.699861687,Raw,72.3,21,F
687.19,3.968067906,Wraps,173.18,16,M
117.5,1.508344031,Raw,77.9,50,F
255,3.445945946,Raw,74,27,F
140,1.657785672,Raw,84.45,75,M
325,4.444748359,Raw,73.12,32,F
477.5,5.317371938,Wraps,89.8,33,M
122.5,1.517967782,Raw,80.7,18,M
553.38,6.912065951,Wraps,80.06,28,M
567.5,3.396169958,Raw,167.1,41,M
180,2.024746907,Raw,88.9,61,M
207.5,1.558978212,Raw,133.1,45,M
267.5,2.696572581,Single-ply,99.2,36,M
185,1.443170294,Raw,128.19,53,M
47.5,0.431230141,Raw,110.15,53,F
642.5,6.509625127,Raw,98.7,30,M
335,3.330019881,Raw,100.6,45,F
437.5,4.971590909,Single-ply,88,17,F
260,3.576341128,Raw,72.7,30,F
165,1.351351351,Raw,122.1,53,M
503.49,5.594333333,Wraps,90,27,M
727.5,7.275,Raw,100,29,M
262.5,4.637809187,Wraps,56.6,29,F
432.5,5.280830281,Raw,81.9,35,M
170,1.899441341,Raw,89.5,35,M
355,4.92030492,Raw,72.15,58,F
207.5,2.815468114,Raw,73.7,50,F
130,1.805555556,Raw,72,31,M
705,5.845771144,Wraps,120.6,33,M
617.5,7.171893148,Raw,86.1,25,M
660,6.150978565,Raw,107.3,42,M
475,6.412852707,Raw,74.07,19,M
165,2.657004831,Raw,62.1,79,M
207.5,1.507994186,Raw,137.6,37,M
712.5,6.033022862,Raw,118.1,50,M
200,2.287021155,Raw,87.45,39,M
200,3.616636528,Raw,55.3,31,F
687.5,6.909547739,Wraps,99.5,28,M
200,2.414584088,Raw,82.83,17,M
160,1.779755284,Raw,89.9,34,M
437.5,5.904183536,Wraps,74.1,65,M
269.89,2.71437192,Single-ply,99.43,32,M
532.5,7.888888889,Raw,67.5,22,M
560,5.742411813,Raw,97.52,40,M
235,2.855407047,Raw,82.3,46,M
362.5,4.872311828,Wraps,74.4,14,M
320,2.388237928,Raw,133.99,17,M
417.5,5.179900744,Wraps,80.6,36,F
500,5.801810165,Raw,86.18,31,M
397.5,5.272582571,Wraps,75.39,25,F
530,3.897058824,Raw,136,13,M
310,5.299145299,Raw,58.5,20,F
250,3.082614057,Raw,81.1,27,M
602.5,6.81561086,Raw,88.4,18,M
240,2.46659815,Single-ply,97.3,26,M
540,6.18556701,Raw,87.3,19,M
465,6.241610738,Raw,74.5,33,M
152.5,1.724137931,Raw,88.45,24,M
285,4.930795848,Raw,57.8,33,F
580,7.125307125,Raw,81.4,22,M
610,5.679702048,Raw,107.4,30,M
442.5,6.028610354,Raw,73.4,25,M
160,1.965601966,Raw,81.4,26,M
282.5,4.346153846,Raw,65,19,F
420,5.185185185,Raw,81,23,M
492.5,6.917134831,Raw,71.2,23,M
252.5,3.309739153,Single-ply,76.29,27,M
580,4.86169321,Raw,119.3,27,M
535,6.576521205,Single-ply,81.35,22,F
115,1.848874598,Raw,62.2,28,M
580,6.670500288,Raw,86.95,26,M
502.5,7.047685835,Raw,71.3,20,M
477.5,6.426648721,Single-ply,74.3,28,M
325,2.690397351,Raw,120.8,26,M
612.5,10.31144781,Wraps,59.4,28,M
397.5,2.837259101,Raw,140.1,40,F
482.5,5.005186722,Raw,96.4,22,M
500,6.756756757,Raw,74,30,M
410,4.192229039,Raw,97.8,31,M
287.5,3.194444444,Raw,90,34,M
335.66,4.62532727,Wraps,72.57,20,M
545,5.567473695,Raw,97.89,32,M
622.5,4.648991785,Raw,133.9,20,M
715,8.666666667,Raw,82.5,28,M
642.5,7.21991235,Raw,88.99,44,M
242.5,2.86643026,Raw,84.6,46,F
282.5,3.956582633,Raw,71.4,17,F
227.5,4.540918164,Wraps,50.1,46,F
435,6.008287293,Wraps,72.4,17,M
345,4.466019417,Raw,77.25,37,F
330,5.164319249,Raw,63.9,18,M
402.5,3.342190484,Raw,120.43,49,M
577.5,5.947476828,Wraps,97.1,47,M
497.5,5.771461717,Raw,86.2,24,M
272.5,4.642248722,Raw,58.7,26,F
135,1.364325417,Raw,98.95,54,M
255,4.086538462,Raw,62.4,13,M
130,1.400862069,Raw,92.8,69,M
302.5,3.743811881,Raw,80.8,24,F
587.5,6.714285714,Wraps,87.5,36,M
187.5,2.090301003,Raw,89.7,32,M
542.5,6.656441718,Raw,81.5,24,M
502.5,5.734337556,Raw,87.63,21,M
717.5,6.612903226,Wraps,108.5,45,M
167.5,3.246124031,Raw,51.6,18,F
205,1.609105181,Raw,127.4,44,M
410,3.474576271,Wraps,118,64,M
680,5.175038052,Raw,131.4,53,M
377.5,3.199152542,Raw,118,26,F
57.5,0.961860154,Raw,59.78,27,F
230,4.040049183,Wraps,56.93,39,F
675,7.105263158,Raw,95,27,M
260,3.587196468,Raw,72.48,42,F
507.5,6.766666667,Raw,75,17,M
200,3.471619511,Wraps,57.61,45,F
497.5,7.51510574,Raw,66.2,21,M
500,7.473841555,Wraps,66.9,21,M
102.5,1.782608696,Raw,57.5,17,F
457.5,5.234553776,Raw,87.4,25,M
325,5.919854281,Wraps,54.9,40,F
395,6.583333333,Raw,60,16,M
407.5,4.564803405,Raw,89.27,31,M
177.5,1.787512588,Raw,99.3,31,M
387.82,5.170933333,Single-ply,75,15,M
150,1.224489796,Raw,122.5,30,M
240,1.699716714,Raw,141.2,40,M
340.19,4.716999445,Wraps,72.12,27,F
295,3.66596247,Wraps,80.47,22,F
135,1.155821918,Raw,116.8,46,M
192.78,2.211286992,Raw,87.18,31,M
510,9.123434705,Raw,55.9,31,M
351.53,2.088958878,Single-ply,168.28,46,M
325,4.409769335,Raw,73.7,24,F
440,6.606606607,Raw,66.6,21,M
190,1.414743112,Raw,134.3,40,M
405,2.336987882,Raw,173.3,39,M
722.5,8.027777778,Wraps,90,25,M
487.5,6.048387097,Wraps,80.6,23,M
695,6.507490637,Raw,106.8,27,M
546.58,7.626342961,Wraps,71.67,26,M
367.5,6.464379947,Wraps,56.85,35,F
225,3.816793893,Raw,58.95,25,F
487.61,5.023282168,Wraps,97.07,38,M
705,10.45994065,Single-ply,67.4,20,M
350,3.184713376,Raw,109.9,17,M
622.5,3.78649635,Raw,164.4,21,M
257.5,3.06547619,Raw,84,31,F
560,7.49665328,Raw,74.7,20,M
602.5,7.429099877,Raw,81.1,35,M
397.5,5.328418231,Raw,74.6,29,F
470,5.081081081,Raw,92.5,23,M
322.5,4.381793478,Raw,73.6,24,F
525,5.885650224,Wraps,89.2,25,M
702.5,7.814238042,Wraps,89.9,27,M
265,3.401797176,Raw,77.9,36,M
442.5,6.154381085,Single-ply,71.9,17,M
235,2.897657213,Raw,81.1,27,M
270,4.599659284,Wraps,58.7,47,F
587.5,7.190942472,Raw,81.7,23,M
228.5,2.661619103,Raw,85.85,45,M
152.5,2.262611276,Raw,67.4,68,M
235,1.863600317,Raw,126.1,37,M
272.5,3.037904125,Raw,89.7,20,M
162.5,1.991421569,Raw,81.6,35,M
530,5.353535354,Raw,99,42,M
317.5,6.117533719,Raw,51.9,30,F
197.5,2.9346211,Raw,67.3,23,F
150,1.762632197,Raw,85.1,71,M
305,4.077540107,Raw,74.8,33,F
430,5.818673884,Raw,73.9,25,M
475,5.801172447,Raw,81.88,22,M
115,1.457541191,Raw,78.9,56,M
474,6.450734894,Wraps,73.48,22,M
580,7.090464548,Raw,81.8,24,M
222.5,3.973214286,Wraps,56,17,F
497.5,7.512836001,Raw,66.22,26,M
245,4.006541292,Raw,61.15,29,F
715,7.21493441,Raw,99.1,29,M
672.5,6.738476954,Wraps,99.8,28,M
757.5,7.325918762,Raw,103.4,31,M
735,5.51387847,Wraps,133.3,30,M
302.5,4.536592681,Wraps,66.68,27,F
684.92,5.83009874,Wraps,117.48,22,M
577.5,4.788557214,Raw,120.6,30,M
45,0.872093023,Raw,51.6,28,F
250,1.507840772,Raw,165.8,39,M
277.5,3.464419476,Raw,80.1,14,M
592.5,5.957767722,Raw,99.45,28,M
505,6.289699838,Raw,80.29,23,M
720,5.925925926,Raw,121.5,27,M
530,6.113033449,Raw,86.7,36,M
499.86,7.046236256,Single-ply,70.94,19,M
305,5.173876166,Raw,58.95,24,F
572.5,6.396648045,Wraps,89.5,34,M
465,4.227272727,Raw,110,16,M
590,4.777327935,Raw,123.5,33,M
610,6.96347032,Wraps,87.6,48,M
537.5,5.14354067,Raw,104.5,30,M
285.76,4.002240896,Wraps,71.4,29,F
282.5,2.891504606,Wraps,97.7,19,M
592.5,6.021341463,Raw,98.4,40,M
785,5.615164521,Raw,139.8,29,M
285,4.757929883,Raw,59.9,41,F
45,0.442477876,Raw,101.7,37,M
412.5,6.909547739,Raw,59.7,23,M
837.5,8.678756477,Wraps,96.5,21,M
435,5.478589421,Raw,79.4,20,M
130,1.747311828,Raw,74.4,34,F
165,2.042079208,Raw,80.8,68,M
612.5,5.655586334,Wraps,108.3,26,M
317.5,5.669642857,Wraps,56,19,F
500,4,Raw,125,44,M
272.5,3.779472954,Raw,72.1,35,F
195,1.954103618,Raw,99.79,46,M
326.59,4.486126374,Wraps,72.8,22,F
337.5,4.54851752,Raw,74.2,27,F
347.5,4.978510029,Wraps,69.8,28,F
267.5,4.526226734,Single-ply,59.1,16,F
140,1.871657754,Raw,74.8,37,M
105,1.033464567,Raw,101.6,65,M
260,2.934537246,Raw,88.6,19,M
331.12,3.79029304,Wraps,87.36,22,F
365,4.886211513,Wraps,74.7,28,F
605,7.100938967,Raw,85.2,28,M
570,8.073654391,Raw,70.6,26,M
670,5.544521682,Wraps,120.84,32,M
422.5,6.591263651,Raw,64.1,18,M
807.5,9.052690583,Wraps,89.2,34,M
527.5,5.880713489,Wraps,89.7,18,M
337.5,4.733520337,Raw,71.3,35,F
422.5,3.559393429,Raw,118.7,23,M
362.5,4.178674352,Raw,86.75,39,F
640,6.015037594,Raw,106.4,36,M
460,6.959152799,Wraps,66.1,23,M
570,6.411698538,Raw,88.9,29,M
322.5,4.784866469,Raw,67.4,57,F
272.5,2.525486562,Raw,107.9,48,M
135,1.934097421,Raw,69.8,54,F
502.5,5.710227273,Raw,88,25,M
535,5.980994969,Wraps,89.45,31,M
542.5,6.034482759,Wraps,89.9,19,M
257.5,3.837555887,Single-ply,67.1,25,M
607.5,6.875282933,Raw,88.36,34,M
237.5,3.518518519,Raw,67.5,25,F
125,2.090301003,Raw,59.8,19,F
557.5,6.292325056,Raw,88.6,49,M
202.5,2.025,Raw,100,23,M
617.5,5.926103647,Raw,104.2,29,M
685,5.824829932,Raw,117.6,48,M
260,4.340567613,Raw,59.9,22,F
690,6.364726501,Raw,108.41,29,M
142.5,2.012711864,Raw,70.8,23,M
97.5,1.361731844,Raw,71.6,39,F
190,2.125279642,Raw,89.4,41,M
175,1.711658842,Raw,102.24,28,M
347.5,4.651941098,Wraps,74.7,22,F
550,6.179775281,Raw,89,22,M
255,2.972027972,Raw,85.8,51,F
722.5,7.402663934,Raw,97.6,29,M
321,6.294117647,Raw,51,15,M
460,6.686046512,Wraps,68.8,21,M
280,4.818447771,Wraps,58.11,33,F
317.5,3.649425287,Raw,87,32,F
152.5,2.05802969,Single-ply,74.1,21,M
717.5,8.079954955,Raw,88.8,23,M
585,6.507230256,Raw,89.9,19,M
645,7.29638009,Wraps,88.4,23,M
457.5,5.407801418,Raw,84.6,27,M
525,7.888805409,Raw,66.55,29,M
277.5,5.009025271,Raw,55.4,24,F
460,5.609756098,Raw,82,70,M
552.5,6.880448319,Raw,80.3,25,M
475,5.974842767,Raw,79.5,19,M
605,7.571964956,Wraps,79.9,24,M
682.5,6.914893617,Raw,98.7,45,M
54.43,1.738977636,Raw,31.3,9,M
312.5,5.600358423,Raw,55.8,23,F
322.5,4.097839898,Wraps,78.7,13,M
282.5,3.820665404,Raw,73.94,27,F
297.5,3.583905554,Wraps,83.01,47,F
330,3.691275168,Raw,89.4,36,F
227.5,3.146611342,Raw,72.3,23,F
505,6.751336898,Raw,74.8,21,M
232.5,2.004310345,Raw,116,46,F
215,2.485549133,Raw,86.5,33,F
265,3.566621803,Raw,74.3,64,F
387.5,5.308219178,Wraps,73,37,F
295,2.98582996,Raw,98.8,29,M
680,6.412069778,Raw,106.05,36,M
132.5,1.650267779,Raw,80.29,29,M
715,6.5,Raw,110,28,M
695,5.731958763,Raw,121.25,25,M
250,3.453038674,Raw,72.4,27,M
50,0.978473581,Raw,51.1,16,F
195,2.169076752,Single-ply,89.9,44,M
95,1.919191919,Raw,49.5,23,M
252.5,4.710820896,Raw,53.6,28,F
552.5,6.795817958,Raw,81.3,35,M
367.5,3.699043785,Raw,99.35,24,M
472.5,6.402439024,Raw,73.8,30,M
167.5,1.862145636,Raw,89.95,43,F
517.5,6.909212283,Wraps,74.9,26,M
282.5,2.535906643,Raw,111.4,30,F
457.5,5.274383214,Raw,86.74,22,F
503.49,7.561045202,Wraps,66.59,21,M
150,1.831501832,Raw,81.9,25,M
567.5,6.700118064,Wraps,84.7,21,M
202.5,1.860871163,Raw,108.82,33,M
342.5,4.809717736,Raw,71.21,16,M
707.5,7.103413655,Wraps,99.6,33,M
577.5,6.481481481,Raw,89.1,28,M
290,5.22993688,Wraps,55.45,18,M
480,6.425702811,Wraps,74.7,35,M
290,3.473053892,Raw,83.5,32,M
225,3.214285714,Wraps,70,25,F
530,6.134259259,Wraps,86.4,30,M
102.5,1.38047138,Raw,74.25,70,M
280,3.967129498,Raw,70.58,36,F
610,5.760151086,Raw,105.9,28,M
502.5,5.01497006,Raw,100.2,26,M
492.5,6.619623656,Raw,74.4,19,M
617.5,6.824712644,Raw,90.48,29,M
546.58,6.747068263,Wraps,81.01,23,M
85,0.929571304,Single-ply,91.44,50,F
130,1.333333333,Raw,97.5,19,M
250,3.056234719,Raw,81.8,38,F
217.72,2.639030303,Raw,82.5,15,M
92.99,1.224680627,Raw,75.93,23,M
245,2.274837512,Raw,107.7,23,M
395,5.337837838,Raw,74,42,M
274,4.620573356,Wraps,59.3,35,F
195,3.570774583,Raw,54.61,24,F
405,4.107088531,Raw,98.61,40,M
370,3.234265734,Raw,114.4,33,F
560,6.837606838,Wraps,81.9,23,M
95,1.430722892,Raw,66.4,32,F
210,1.769911504,Raw,118.65,28,M
452.5,5.642144638,Raw,80.2,18,M
352.5,5.199115044,Raw,67.8,44,F
272.16,2.489571899,Raw,109.32,46,M
445,5.033936652,Wraps,88.4,28,M
375,5,Wraps,75,17,M
602.5,6.731843575,Wraps,89.5,45,M
367.5,5.108423686,Raw,71.94,26,M
470,5.269058296,Raw,89.2,22,M
332.5,4.561042524,Raw,72.9,24,F
480,7.153502235,Raw,67.1,25,M
482.5,5.967841682,Raw,80.85,22,M
452.5,6.364275668,Wraps,71.1,16,M
385,6.43812709,Wraps,59.8,27,F
617.5,7.530487805,Raw,82,22,M
515,5.165496489,Raw,99.7,29,M
155,1.930501931,Raw,80.29,27,M
590,7.19863348,Wraps,81.96,22,M
612.5,6.386861314,Raw,95.9,20,M
250,3.04136253,Wraps,82.2,40,F
320.5,3.932515337,Raw,81.5,51,M
602.5,5.589053803,Raw,107.8,35,M
507.5,5.846774194,Raw,86.8,22,M
410,5.125,Raw,80,26,M
755.23,6.931895365,Raw,108.95,26,M
385,5.133333333,Wraps,75,48,F
87.5,1.511226252,Raw,57.9,70,M
497.5,4.064542484,Raw,122.4,55,M
215,1.909413854,Raw,112.6,36,M
145,1.527924131,Raw,94.9,43,M
572.5,5.488974113,Raw,104.3,19,M
285,4.311649017,Raw,66.1,27,F
507.5,5.722823636,Raw,88.68,31,M
325,3.509719222,Raw,92.6,16,M
220,2.989130435,Raw,73.6,37,F
107.5,1.003828555,Raw,107.09,43,F
527.5,5.349356049,Raw,98.61,17,M
437.5,6.059556787,Raw,72.2,44,F
360,3.351955307,Wraps,107.4,27,F
245,3.113087675,Raw,78.7,32,F
177.5,1.787512588,Raw,99.3,21,M
597.5,6.140801644,Raw,97.3,26,M
530,4.944029851,Raw,107.2,26,M
302.5,3.923476005,Raw,77.1,26,F
640,6.510681587,Wraps,98.3,33,M
580,4.700162075,Raw,123.4,25,M
347.5,4.300742574,Raw,80.8,32,F
367.5,5.496559976,Raw,66.86,39,F
307.5,4.495614035,Raw,68.4,26,M
627.5,6.136919315,Raw,102.25,42,M
150,1.70998632,Raw,87.72,32,M
332.5,4.072259645,Raw,81.65,36,F
637.5,6.147540984,Wraps,103.7,28,M
140,1.753726669,Raw,79.83,19,M
487.5,6.687242798,Raw,72.9,34,M
535,6.149425287,Wraps,87,29,M
155,1.753393665,Raw,88.4,55,M
510.29,4.934152002,Wraps,103.42,29,M
202.5,3.99408284,Raw,50.7,25,F
242.5,4.465930018,Wraps,54.3,22,F
410.5,4.561111111,Raw,90,15,M
235,3.539156627,Raw,66.4,27,F
217.5,2.236503856,Single-ply,97.25,20,M
150,1.233045623,Raw,121.65,23,M
220,3.313253012,Raw,66.4,35,F
567.5,7.028734209,Wraps,80.74,19,M
297.5,3.045035824,Raw,97.7,43,M
162.5,1.689189189,Raw,96.2,35,M
240,3.120936281,Raw,76.9,29,F
232.5,3.883414064,Raw,59.87,72,F
235,2.820451272,Wraps,83.32,47,F
550,6.484319736,Raw,84.82,41,M
267.5,3.373266078,Raw,79.3,29,F
732.5,5.915367843,Wraps,123.83,25,M
392.5,3.219060116,Raw,121.93,52,M
290,4.046323427,Raw,71.67,25,F
650,6.329113924,Wraps,102.7,21,M
285.76,3.338707793,Raw,85.59,27,F
540,7.336956522,Raw,73.6,25,M
245,2.777777778,Raw,88.2,32,M
567.5,5.911458333,Raw,96,31,M
415,4.69988675,Raw,88.3,18,M
477.5,6.418010753,Raw,74.4,24,M
212.5,3.927911275,Raw,54.1,23,F
587.5,5.497333209,Wraps,106.87,30,M
277.5,3.363636364,Raw,82.5,18,M
185,2.530087527,Single-ply,73.12,22,M
137.5,1.837252806,Raw,74.84,24,M
272.5,4.247856586,Raw,64.15,26,F
560,4.670558799,Raw,119.9,23,M
695.5,6.458952452,Single-ply,107.68,23,M
197.5,2.393939394,Single-ply,82.5,57,M
457.5,5.002733734,Raw,91.45,22,M
187.5,2.028342709,Single-ply,92.44,34,M
357.5,3.297666267,Raw,108.41,34,F
199.92,1.59936,Single-ply,125,27,M
185,1.575809199,Raw,117.4,46,M
287.5,5.528846154,Raw,52,30,F
485,4.476234425,Raw,108.35,16,M
322.5,5.375,Raw,60,29,F
225,2.592165899,Raw,86.8,26,M
305,2.915869981,Single-ply,104.6,30,M
227.5,1.908557047,Raw,119.2,36,M
227.5,2.84019975,Single-ply,80.1,26,M
340,2.537313433,Raw,134,28,M
617.5,5.892175573,Raw,104.8,32,M
415,7.155172414,Single-ply,58,50,F
630,7.062780269,Wraps,89.2,23,M
540,8.059701493,Raw,67,25,M
237.5,4.077953297,Raw,58.24,16,M
650,6.274131274,Wraps,103.6,23,M
142.5,1.933514247,Raw,73.7,37,F
105,1.359223301,Raw,77.25,61,F
395,6.171875,Wraps,64,26,F
195,2.927927928,Single-ply,66.6,33,M
345,5.111111111,Raw,67.5,31,F
455,5.924479167,Wraps,76.8,17,M
590,5.997153893,Raw,98.38,20,M
57.5,0.981228669,Raw,58.6,39,F
107.5,1.975013779,Raw,54.43,59,M
290,4.277286136,Raw,67.8,19,F
151,2.903846154,Raw,52,28,F
57.5,0.795847751,Raw,72.25,47,M
447.5,5.484068627,Raw,81.6,29,M
412.5,6.718241042,Wraps,61.4,19,M
630,7.73006135,Wraps,81.5,43,M
190,1.486697966,Raw,127.8,28,M
285,5.357142857,Raw,53.2,22,F
552.5,6.166294643,Raw,89.6,26,M
165,2.064564565,Raw,79.92,20,M
192.5,2.169014085,Raw,88.75,45,F
120,1.234567901,Raw,97.2,33,M
385,3.858102014,Raw,99.79,28,M
227.5,2.352393755,Raw,96.71,47,M
510,7.692307692,Wraps,66.3,31,M
36.29,0.518206483,Raw,70.03,14,F
257.5,3.591352859,Raw,71.7,44,F
545,5.093457944,Raw,107,39,M
45,0.640113798,Raw,70.3,39,F
245,3.273650454,Raw,74.84,17,F
292.5,4.085195531,Wraps,71.6,44,F
490,5.684454756,Raw,86.2,25,M
662.5,6.162790698,Wraps,107.5,20,M
517.5,5.992357573,Raw,86.36,18,M
375,3.504672897,Raw,107,28,M
317.5,3.704784131,Raw,85.7,43,F
185,2.803030303,Raw,66,18,M
522.5,6.011966402,Raw,86.91,34,M
330,5.518394649,Single-ply,59.8,42,F
710,7.142857143,Wraps,99.4,24,M
207.5,2.881944444,Raw,72,37,M
530,7.104557641,Raw,74.6,22,M
515,4.734761423,Raw,108.77,22,M
497.5,6.187810945,Wraps,80.4,23,M
207.5,3.086878905,Raw,67.22,32,F
240.4,4.309015953,Raw,55.79,25,F
500,6.846501438,Wraps,73.03,23,M
690,6.388888889,Wraps,108,49,M
270,4.867495944,Raw,55.47,23,F
327.5,5.485762144,Wraps,59.7,25,F
380,5.838070364,Raw,65.09,17,M
137.5,1.471532534,Raw,93.44,44,M
135,2.064220183,Single-ply,65.4,17,M
697.5,6.981981982,Wraps,99.9,24,M
545,8.309193475,Raw,65.59,21,M
567.5,6.887135922,Wraps,82.4,25,M
590,4.88410596,Raw,120.8,47,M
355,5.986509275,Wraps,59.3,36,F
215,2.373068433,Raw,90.6,17,F
308.44,3.453975364,Raw,89.3,17,M
315,4.166666667,Raw,75.6,25,F
702.5,6.23336291,Raw,112.7,30,M
502.5,4.767099896,Raw,105.41,20,M
230,3.463855422,Raw,66.4,20,F
485,5.091863517,Raw,95.25,18,M
335,5.19379845,Raw,64.5,25,F
490,4.9,Single-ply,100,25,M
187.5,4.166666667,Raw,45,36,F
145,1.385041551,Raw,104.69,67,M
422.5,6.260186694,Raw,67.49,46,F
637.5,7.134064458,Wraps,89.36,29,M
290,3.966083151,Raw,73.12,21,M
395,5.948795181,Wraps,66.4,31,F
480,4.626951995,Single-ply,103.74,18,M
480,6.138107417,Raw,78.2,25,M
589.99,5.966727346,Wraps,98.88,18,M
42.5,0.968109339,Raw,43.9,13,M
557.5,7.523616734,Wraps,74.1,29,M
287.5,3.59375,Raw,80,23,F
87.5,0.66338135,Raw,131.9,71,M
567.5,5.779022403,Wraps,98.2,29,M
208.65,2.245963402,Raw,92.9,42,M
377.5,6.030351438,Raw,62.6,20,M
382.5,5.261348006,Raw,72.7,45,M
595,6.21085595,Raw,95.8,27,M
390.09,5.810963802,Raw,67.13,16,M
495,5.77596266,Wraps,85.7,24,M
180,3.290676417,Raw,54.7,27,F
307.5,4.135843981,Raw,74.35,21,F
127.5,1.64516129,Raw,77.5,32,M
155,2.154573255,Raw,71.94,73,M
67.5,1.045053414,Raw,64.59,13,M
365,5.451829724,Raw,66.95,22,F
302.5,4.172413793,Raw,72.5,33,F
696,6.584673605,Wraps,105.7,46,M
340,4.156479218,Raw,81.8,17,M
117.5,1.345933562,Raw,87.3,75,M
585,8.666666667,Raw,67.5,19,M
107.5,2.634803922,Raw,40.8,22,M
602.5,7.303030303,Raw,82.5,23,M
180,2.419354839,Raw,74.4,34,F
555,5.866807611,Wraps,94.6,43,M
475,4.75,Raw,100,24,M
560,6.642941874,Raw,84.3,20,M
462.5,5.852948621,Raw,79.02,21,M
267.62,4.460333333,Raw,60,15,M
310,3.904282116,Raw,79.4,15,M
635,7.126823793,Raw,89.1,26,M
312.5,6.121449559,Raw,51.05,21,F
755,6.219110379,Wraps,121.4,19,M
747.5,6.970996923,Wraps,107.23,28,M
202.5,2.50929368,Raw,80.7,34,F
100,1.070205479,Single-ply,93.44,15,M
630,6.3,Wraps,100,35,M
542.5,5.877573131,Raw,92.3,19,M
365,4.143019296,Raw,88.1,24,F
426.38,4.737555556,Raw,90,17,M
665,8.281444583,Wraps,80.3,23,M
615,5.657773689,Raw,108.7,28,M
357.5,3.708890964,Raw,96.39,33,F
330,5.666208791,Raw,58.24,44,F
142.5,2.111111111,Raw,67.5,25,F
302,2.458682732,Wraps,122.83,62,F
182.5,2.489768076,Raw,73.3,34,F
562.5,6.298992161,Wraps,89.3,23,M
345,2.875479247,Single-ply,119.98,45,M
265,3.486842105,Single-ply,76,36,F
595,7.238442822,Raw,82.2,29,M
371.95,4.170778201,Raw,89.18,19,M
137.5,1.324662813,Raw,103.8,40,M
180,2.110694184,Raw,85.28,30,F
567.5,6.933414783,Wraps,81.85,23,M
230,2.112029385,Raw,108.9,30,M
110,1.641791045,Raw,67,21,M
177.5,1.824254882,Raw,97.3,29,M
590,5.603038936,Raw,105.3,24,M
580,7.967032967,Wraps,72.8,42,M
107.5,1.309378806,Raw,82.1,57,F
342.5,4.228395062,Raw,81,23,F
175,3.451676529,Raw,50.7,16,F
495,4.617537313,Raw,107.2,23,M
185,1.684881603,Raw,109.8,32,M
165,2.231539086,Single-ply,73.94,32,M
590,7.95148248,Wraps,74.2,28,M
552.5,6.812577065,Wraps,81.1,21,M
365,6.113902848,Raw,59.7,29,F
655,6.368497812,Raw,102.85,28,M
176.9,2.358666667,Raw,75,15,M
317.5,4.403606103,Wraps,72.1,36,F
477.5,4.26720286,Wraps,111.9,40,F
232.5,3.599071207,Raw,64.6,20,F
415,5.300127714,Wraps,78.3,26,M
185,1.644444444,Raw,112.5,36,M
345,7.384417808,Raw,46.72,18,M
80,0.666111574,Single-ply,120.1,16,F
210,3.196347032,Raw,65.7,13,F
255,3.581460674,Raw,71.2,15,M
342.5,6.26142596,Raw,54.7,20,M
247.5,4.166666667,Raw,59.4,30,F
170,1.91011236,Raw,89,32,M
270,2.716297787,Single-ply,99.4,24,M
522.5,7.018132975,Wraps,74.45,31,F
557.5,5.259433962,Wraps,106,30,M
545,5.385375494,Wraps,101.2,31,M
220,2.444444444,Single-ply,90,37,M
192.5,2.718926554,Raw,70.8,13,M
530,5.773420479,Wraps,91.8,31,M
570,4.274145171,Wraps,133.36,50,M
460,4.23572744,Raw,108.6,48,M
545,3.310051625,Wraps,164.65,35,M
255,3.959012576,Raw,64.41,41,F
450,4.934210526,Raw,91.2,30,M
135,1.796407186,Raw,75.15,52,M
200,1.898433792,Raw,105.35,21,M
275,5.009107468,Wraps,54.9,15,F
797.5,4.868742369,Wraps,163.8,22,M
479.9,4.540637714,Single-ply,105.69,35,M
462.5,5.774032459,Raw,80.1,22,M
552.5,7.366666667,Raw,75,25,M
216,4.029850746,Wraps,53.6,15,F
197.5,3.237174234,Wraps,61.01,43,F
387.5,5.171493394,Wraps,74.93,29,F
205,4.07554672,Raw,50.3,32,F
667.5,4.12037037,Wraps,162,26,M
625,6.275100402,Raw,99.6,30,M
200,2.320185615,Raw,86.2,56,M
215,2.674794725,Raw,80.38,30,M
437.72,7.288045288,Wraps,60.06,20,M
407.5,4.235966736,Raw,96.2,15,M
650,7.246376812,Raw,89.7,32,M
227.5,2.073837739,Raw,109.7,31,M
557.5,5.063578565,Raw,110.1,28,M
282.5,4.718556873,Wraps,59.87,34,F
40.82,0.789402437,Raw,51.71,52,F
615,7.000569152,Wraps,87.85,65,M
527.5,6.67721519,Raw,79,47,F
485,5.494505495,Raw,88.27,31,M
200,1.831501832,Raw,109.2,39,M
477.5,8.05227656,Raw,59.3,26,M
460,7.77027027,Wraps,59.2,24,M
147.5,1.188557615,Raw,124.1,67,M
170,1.570438799,Raw,108.25,18,M
235,2.611111111,Raw,90,32,F
352.5,5.26119403,Wraps,67,17,F
557.5,6.22001562,Wraps,89.63,37,M
165,3.22265625,Raw,51.2,61,F
112.5,1.512096774,Raw,74.4,27,M
322.05,5.40352349,Wraps,59.6,44,F
660,5.449591281,Raw,121.11,46,M
315,4.809160305,Raw,65.5,26,F
572.5,4.744737278,Wraps,120.66,43,M
135,1.525423729,Raw,88.5,53,M
182.5,2.469553451,Raw,73.9,16,M
467.5,5.666666667,Wraps,82.5,26,F
145,1.664753157,Raw,87.1,28,M
295,1.818742293,Raw,162.2,28,M
230,2.395833333,Raw,96,23,M
217.5,3.338962235,Raw,65.14,34,F
545,5.56122449,Raw,98,33,M
747.5,6.08713355,Raw,122.8,26,M
272.5,3.848870056,Raw,70.8,25,F
537.5,8.010432191,Raw,67.1,24,M
277.5,3.739388223,Wraps,74.21,68,M
517.5,4.283940397,Raw,120.8,24,M
92.5,1.919087137,Raw,48.2,16,M
595,6.004036327,Raw,99.1,48,M
85,1.202263083,Raw,70.7,19,M
367.5,4.835526316,Raw,76,14,M
247.21,4.414464286,Wraps,56,19,F
287.5,4.303892216,Raw,66.8,56,F
349.27,4.656933333,Raw,75,17,M
685,5.355746677,Raw,127.9,52,M
52.16,0.435029191,Raw,119.9,53,F
562.5,6.327334083,Wraps,88.9,35,M
537.5,5.893640351,Raw,91.2,33,M
335,5.134099617,Wraps,65.25,30,F
227.5,4.166666667,Single-ply,54.6,21,F
267.5,4.46801403,Wraps,59.87,24,F
165,1.837416481,Raw,89.8,28,M
532.97,5.934417103,Wraps,89.81,28,M
331.12,5.013930951,Wraps,66.04,24,F
213.19,3.852367185,Wraps,55.34,15,F
672.5,4.803571429,Raw,140,30,M
127.01,1.693466667,Raw,75,12,M
152.5,1.412037037,Raw,108,21,M
170,1.7507724,Raw,97.1,29,M
150,1.835985312,Raw,81.7,19,M
233.6,3.213204952,Raw,72.7,16,M
322.5,3.909090909,Raw,82.5,26,F
727.5,5.951407068,Single-ply,122.24,55,M
42.5,0.482954545,Raw,88,72,M
250,4.466678578,Raw,55.97,37,F
562.5,6.744604317,Raw,83.4,26,M
281.23,5.021964286,Raw,56,15,M
452.5,5.101465614,Raw,88.7,27,F
250,4.230118443,Wraps,59.1,23,F
350,5.845999666,Single-ply,59.87,41,F
544.95,6.173671689,Wraps,88.27,26,M
462.5,5.914322251,Raw,78.2,20,M
680,6.254023729,Raw,108.73,24,M
495,5.543113102,Raw,89.3,36,M
182.5,3.297795446,Raw,55.34,26,F
440,5.459057072,Raw,80.6,31,M
598.74,5.443090909,Raw,110,20,M
182.5,1.529885154,Wraps,119.29,25,F
507.5,6.858108108,Raw,74,24,M
287.5,4.956896552,Raw,58,19,F
627.32,6.2732,Wraps,100,31,M
602.5,5.482256597,Raw,109.9,23,M
210.92,1.722217686,Raw,122.47,18,M
435,4.918032787,Raw,88.45,24,M
290,2.071428571,Single-ply,140,18,M
475,5.413105413,Raw,87.75,36,M
180,1.636363636,Raw,110,30,M
130,1.841359773,Raw,70.6,20,F
640,6.4,Wraps,100,21,M
170,1.588785047,Raw,107,39,M
547.5,5.485971944,Raw,99.8,30,M
465,5.770662695,Raw,80.58,43,M
220,3.70994941,Raw,59.3,27,F
450,5.562422744,Raw,80.9,26,M
182.5,2.323065173,Raw,78.56,18,M
285,2.923076923,Raw,97.5,18,F
440,5.937921727,Raw,74.1,23,M
380,5.114401077,Raw,74.3,26,F
285,5.172413793,Raw,55.1,19,F
437.5,5.401234568,Raw,81,26,M
260,5.464480874,Raw,47.58,31,F
97.5,1.63590604,Raw,59.6,34,M
467.5,5.940279543,Raw,78.7,29,M
300,3.481086099,Wraps,86.18,39,F
180,1.585903084,Single-ply,113.5,31,M
480,6.159373797,Raw,77.93,25,M
158.76,2.112293773,Raw,75.16,59,M
257.5,2.646454265,Raw,97.3,28,M
462.5,5.110497238,Single-ply,90.5,26,M
212.5,2.020922492,Raw,105.15,24,M
421.84,5.698230447,Raw,74.03,48,M
625,5.801540889,Wraps,107.73,23,M
632.5,7.102751263,Wraps,89.05,23,M
771,8.711864407,Wraps,88.5,29,M
480,6.488240065,Raw,73.98,19,M
287.5,3.285714286,Raw,87.5,20,F
472.5,4.303278689,Raw,109.8,31,M
205,1.711185309,Raw,119.8,31,M
230,3.553221072,Wraps,64.73,35,F
565,5.355450237,Raw,105.5,36,M
382.5,5.1,Wraps,75,22,F
682.5,6.918398378,Wraps,98.65,48,M
347.5,3.575102881,Wraps,97.2,22,F
475,7.196969697,Wraps,66,23,M
642.5,7.052689352,Raw,91.1,32,M
65,1.194852941,Raw,54.4,40,F
601.01,6.0101,Wraps,100,36,M
102.5,1.965107362,Raw,52.16,14,M
540,6.561360875,Raw,82.3,23,M
807.5,8.154918198,Raw,99.02,22,M
515,6.875834446,Raw,74.9,27,M
505,4.465075155,Wraps,113.1,19,M
295,2.887909936,Raw,102.15,33,F
320,3.489640131,Raw,91.7,47,F
620,5.732778548,Wraps,108.15,20,M
307.5,5.176767677,Raw,59.4,21,F
320,4.0302267,Raw,79.4,18,M
690,8.414634146,Wraps,82,38,M
330,3.737259343,Raw,88.3,33,F
547.5,7.073643411,Raw,77.4,31,M
100,1.422475107,Raw,70.3,20,M
212.5,1.779731993,Raw,119.4,26,M
510,5.666666667,Wraps,90,52,M
70,1.178451178,Raw,59.4,58,F
420,6.156552331,Raw,68.22,22,M
265,2.460538533,Wraps,107.7,56,F
240,3.741231489,Raw,64.15,60,F
277.5,5.462598425,Raw,50.8,26,F
695,6.364468864,Raw,109.2,24,M
280,2.592592593,Raw,108,52,F
312.98,3.824758646,Wraps,81.83,35,F
140,2.509410289,Raw,55.79,22,F
345,4.46313066,Wraps,77.3,16,M
130,1.3,Raw,100,59,M
258.55,3.607506628,Wraps,71.67,33,F
95,1.313969571,Raw,72.3,57,F
165,1.546391753,Raw,106.7,27,M
547.5,6.329479769,Raw,86.5,27,M
61.23,0.798721628,Raw,76.66,15,M
150,1.185302252,Raw,126.55,23,M
170,2.097470697,Raw,81.05,24,M
640,4.275217101,Single-ply,149.7,21,M
142.88,1.4288,Single-ply,100,17,M
420,4.545454545,Wraps,92.4,29,F
525,7,Single-ply,75,37,F
550,6.207674944,Raw,88.6,25,M
382.5,5.141129032,Raw,74.4,36,F
325,5.803571429,Raw,56,24,F
485,4.964176049,Raw,97.7,37,M
75,1.049097776,Raw,71.49,20,F
580,7.072308255,Raw,82.01,32,M
405,6.170958403,Raw,65.63,16,M
212.5,2.202072539,Raw,96.5,45,M
573.79,5.55298558,Wraps,103.33,51,M
400,5.479452055,Raw,73,22,M
712.5,7.146439318,Single-ply,99.7,33,M
452.5,4.074741108,Raw,111.05,27,M
285,4.344512195,Raw,65.6,29,F
255,2.709883103,Raw,94.1,32,F
275,4.621848739,Raw,59.5,24,F
215,2.198588813,Raw,97.79,27,M
280,4.361370717,Raw,64.2,17,F
625,4.657228018,Wraps,134.2,32,M
327.5,3.960096735,Wraps,82.7,21,F
582.49,7.182367448,Single-ply,81.1,26,M
390,5.298913043,Raw,73.6,40,F
577.5,5.492154066,Wraps,105.15,20,M
255,3.350854139,Raw,76.1,40,F
705,7.939189189,Raw,88.8,23,M
756,3.88688946,Wraps,194.5,28,M
278.96,2.999892462,Raw,92.99,62,M
240,4.494382022,Raw,53.4,24,F
742.5,6.887755102,Raw,107.8,33,M
520,5.902383655,Raw,88.1,25,M
662.5,6.879543094,Raw,96.3,20,M
445,7.224025974,Raw,61.6,27,F
187.5,1.258389262,Raw,149,54,M
347.5,4.316770186,Raw,80.5,27,F
149.91,1.588871224,Single-ply,94.35,70,M
62.5,0.916153621,Raw,68.22,51,F
559.99,6.89727799,Wraps,81.19,21,M
330,4.80349345,Raw,68.7,15,M
220,4.731182796,Raw,46.5,34,F
862.5,7.721575649,Single-ply,111.7,23,M
675,6.296641791,Wraps,107.2,27,M
181.44,2.296708861,Raw,79,17,F
190,1.907439012,Raw,99.61,30,M
502.5,6.098300971,Raw,82.4,30,M
